model,target_state,landmark,horizon,n_records,mean_auc_ipcw,sd_auc_ipcw,n_valid_auc_ipcw,mean_c_index_ipcw,sd_c_index_ipcw,n_valid_c_index_ipcw,mean_brier_ipcw,sd_brier_ipcw,n_valid_brier_ipcw
parametric,1,1.4514093101024628,1.526887086033821,5,0.7510119047619047,0.05978712591494988,3,0.740189393939394,0.07154222129885714,3,0.04502856105243427,0.011138451700797618,3
parametric,1,1.4514093101024628,1.6023648619651794,5,0.6524565741562239,0.16469843906564835,4,0.655350029081774,0.1605637589900259,4,0.07958564005323272,0.06121586935009917,4
parametric,1,1.4514093101024628,1.6778426378965379,5,0.6616851226103282,0.07355714141102683,5,0.6381717707259212,0.06289761147514807,5,0.12174620610960293,0.04767534127777254,5
parametric,1,1.4514093101024628,1.7533204138278962,5,0.6984321801375815,0.11513792464590095,5,0.6754061975329968,0.09155082321592006,5,0.1508293744213161,0.057107627664098465,5
parametric,1,1.4514093101024628,1.8287981897592545,5,0.6912359256636951,0.10589327830011853,5,0.6693506890469147,0.08364919286689845,5,0.2156434551025983,0.05816457884207312,5
parametric,1,1.4514093101024628,1.9042759656906127,5,0.6394352647920782,0.12048063745359898,5,0.6389586262859598,0.10035703325257461,5,0.2681405297359767,0.07524336422609346,5
parametric,1,1.4514093101024628,1.979753741621971,5,0.6255126723594671,0.11761016008265437,5,0.6374963057892049,0.09103863971827754,5,0.2728110181571303,0.05512378424350991,5
parametric,1,1.4514093101024628,2.0552315175533296,5,0.653222174862971,0.12272205155617405,5,0.6307677090204231,0.10887296889367026,5,0.28030684409764006,0.05428697254202734,5
parametric,1,1.4514093101024628,2.1307092934846876,5,0.6588816730484492,0.09954831046217351,5,0.6416558114241375,0.08758310493332154,5,0.2631367491981019,0.046573668159134135,5
parametric,1,1.4514093101024628,2.206187069416046,5,0.6446418853913596,0.09487316235466753,5,0.6272457692538079,0.05862457025526886,5,0.25224947929491315,0.04141402091269732,5
parametric,1,1.4514093101024628,2.2816648453474047,5,0.6145143507379752,0.15001949020756136,5,0.6103320966832235,0.05785371436262482,5,0.23606191758707257,0.046535113612884316,5
parametric,1,1.4514093101024628,2.3571426212787627,5,0.6313411432155706,0.14856781009418443,5,0.607571119148273,0.06639097848909892,5,0.21613852118619503,0.0495749047611809,5
parametric,1,1.4514093101024628,2.4326203972101212,5,0.5709822529675844,0.24934267236976224,5,0.6195312753229811,0.0548469502462836,5,0.20025385734954426,0.03187052474745103,5
parametric,1,1.4514093101024628,2.5080981731414793,5,0.6002118747640026,0.22595956759176017,4,0.6147975697211462,0.09239882920527559,4,0.19096870426805496,0.03921446295903312,4
parametric,1,1.4514093101024628,2.583575949072838,5,0.6652920123827815,0.16762590448587508,3,0.6574507572337348,0.030906044159623097,3,0.16815832093285446,0.01894753381692213,3
parametric,1,1.4514093101024628,2.6590537250041963,5,0.8631759616416596,0.1319455947851583,3,0.6528038107769215,0.02758807573785476,3,0.10392709696394442,0.05273111596628427,3
parametric,1,1.4514093101024628,2.7345315009355544,5,0.9509357538155463,0.08498176722654124,3,0.647034921265864,0.027938231181706224,3,0.07817479353263261,0.037719820216505405,3
parametric,1,1.4514093101024628,2.8100092768669125,5,0.9509357538155463,0.08498176722654124,3,0.6413674187096491,0.04626133517612159,3,0.07208620486712765,0.03504031112608915,3
parametric,1,1.4514093101024628,2.885487052798271,5,0.9509357538155463,0.08498176722654117,3,0.6551447146422856,0.014821696342950857,3,0.07185329490681454,0.03769163867386804,3
parametric,1,1.4514093101024628,2.9609648287296295,5,0.9119206346641823,0.12456303302312809,2,0.6591417378445205,0.036435297029322224,2,0.08744637592696597,0.050218765254221746,2
parametric,1,1.4514093101024628,3.036442604660988,5,0.7948752772100903,,1,0.6228688066899145,,1,0.018522270810125918,,1
parametric,1,1.4514093101024628,3.111920380592346,5,0.7948752772100903,,1,0.624748169728032,,1,0.012710380493605447,,1
parametric,1,1.4514093101024628,3.187398156523704,5,,,0,,,0,,,0
parametric,1,1.4514093101024628,3.2628759324550627,5,,,0,,,0,,,0
parametric,1,1.4514093101024628,3.338353708386421,5,,,0,,,0,,,0
parametric,1,1.4514093101024628,3.4138314843177797,5,,,0,,,0,,,0
parametric,1,1.4514093101024628,3.489309260249138,5,,,0,,,0,,,0
parametric,1,1.4514093101024628,3.5647870361804963,5,,,0,,,0,,,0
parametric,1,1.4514093101024628,3.6402648121118544,5,,,0,,,0,,,0
parametric,1,1.4514093101024628,3.715742588043213,5,,,0,,,0,,,0
parametric,1,2.107118248939514,2.1607390602429706,5,0.3006365740740741,0.2653473229387598,3,0.27751865914571583,0.2269435906068896,3,0.21418809169098943,0.16517129817163595,3
parametric,1,2.107118248939514,2.2143598715464274,5,0.8134672619047618,0.1756022528108559,5,0.7868092778465051,0.19611546773957939,5,0.21578525210455032,0.11872853956257165,5
parametric,1,2.107118248939514,2.267980682849884,5,0.8479033687943263,0.21455987993569647,5,0.8058769431362153,0.2114562552970923,5,0.22867874076136943,0.10596490819077276,5
parametric,1,2.107118248939514,2.3216014941533407,5,0.7143229166666666,0.08022143764705113,5,0.6989613341887866,0.10846314515265577,5,0.21986344940880667,0.10267746500151666,5
parametric,1,2.107118248939514,2.375222305456797,5,0.6517708333333333,0.10671339918666368,5,0.7071128877945124,0.055256822044527976,5,0.20907704861346055,0.09114942798060234,5
parametric,1,2.107118248939514,2.428843116760254,5,0.6134375000000001,0.34347574286621757,5,0.7319034657834255,0.09526194465966267,5,0.22372121971191258,0.10272262286475145,5
parametric,1,2.107118248939514,2.4824639280637104,5,0.4821959109730849,0.2752260720941251,5,0.6542723877140594,0.11524146967336162,5,0.24017002064650989,0.11043973969234419,5
parametric,1,2.107118248939514,2.5360847393671673,5,0.6229089098210774,0.10047078249852022,4,0.600225731896322,0.1363548470747512,4,0.32227842121645706,0.16565558543830128,4
parametric,1,2.107118248939514,2.5897055506706237,5,0.6815714022142423,0.032327698519009934,3,0.6721145434420457,0.06934262151980783,3,0.34265083434498417,0.15249495645465783,3
parametric,1,2.107118248939514,2.64332636197408,5,0.8134867498244223,0.17260516852518942,3,0.6978816821175545,0.1535852447208103,3,0.3026444312969945,0.17840536502180662,3
parametric,1,2.107118248939514,2.696947173277537,5,0.779358705772812,0.3821619318492434,3,0.6590013843354017,0.08329212973698574,3,0.30751422501406805,0.17925187212688012,3
parametric,1,2.107118248939514,2.750567984580994,5,0.779358705772812,0.3821619318492434,3,0.6877372927712324,0.2915156409838071,3,0.2913490656658983,0.16580526202587803,3
parametric,1,2.107118248939514,2.8041887958844502,5,0.9270251396648045,0.12639616577580148,3,0.5955413466455953,0.13440865394443816,3,0.2729997573379248,0.13863199300560425,3
parametric,1,2.107118248939514,2.8578096071879067,5,0.9270251396648045,0.12639616577580148,3,0.6273261119492534,0.11553270600952245,3,0.2503242483582022,0.11152475871788156,3
parametric,1,2.107118248939514,2.9114304184913635,5,0.9270251396648045,0.12639616577580148,3,0.6618719021606924,0.07646585142902514,3,0.23971772393094748,0.08821045396664655,3
parametric,1,2.107118248939514,2.9650512297948204,5,0.8905377094972067,0.15480305579747383,2,0.5772620441225389,0.10474080144381123,2,0.27700077438780757,0.003745608785404283,2
parametric,1,2.107118248939514,3.018672041098277,5,0.8011740572625698,0.2811823447708901,2,0.5736745757712344,0.14265592311519928,2,0.27685791517583913,0.01072974628202172,2
parametric,1,2.107118248939514,3.072292852401733,5,0.6023481145251397,,1,0.4535245762805972,,1,0.1333614768233092,,1
parametric,1,2.107118248939514,3.12591366370519,5,0.6619238826815643,,1,0.43850317404870737,,1,0.12023133537031423,,1
parametric,1,2.107118248939514,3.1795344750086465,5,,,0,,,0,,,0
parametric,1,2.107118248939514,3.233155286312103,5,,,0,,,0,,,0
parametric,1,2.107118248939514,3.2867760976155598,5,,,0,,,0,,,0
parametric,1,2.107118248939514,3.3403969089190166,5,,,0,,,0,,,0
parametric,1,2.107118248939514,3.3940177202224735,5,,,0,,,0,,,0
parametric,1,2.107118248939514,3.44763853152593,5,,,0,,,0,,,0
parametric,1,2.107118248939514,3.5012593428293863,5,,,0,,,0,,,0
parametric,1,2.107118248939514,3.554880154132843,5,,,0,,,0,,,0
parametric,1,2.107118248939514,3.6085009654362996,5,,,0,,,0,,,0
parametric,1,2.107118248939514,3.662121776739756,5,,,0,,,0,,,0
parametric,1,2.107118248939514,3.715742588043213,5,,,0,,,0,,,0
parametric,1,2.495120406150818,2.5358078122138976,5,0.4166666666666667,0.5204164998665332,3,0.4166666666666667,0.5204164998665332,3,0.34281750319145354,0.16499630894957096,3
parametric,1,2.495120406150818,2.5764952182769774,5,0.08333333333333334,0.11785113019775793,2,0.10714285714285714,0.1515228816828316,2,0.34904014961898366,0.1111255706508912,2
parametric,1,2.495120406150818,2.6171826243400576,5,0.5546875,0.07733980419227864,2,0.3972672064777328,0.20826728069360861,2,0.5708602906523152,0.11140505198585723,2
parametric,1,2.495120406150818,2.6578700304031373,5,0.671875,0.11048543456039805,2,0.3980263157894737,0.03256412808095939,2,0.5402673132722083,0.09683184734551067,2
parametric,1,2.495120406150818,2.698557436466217,5,0.75,0.3535533905932738,2,0.4642282958199357,0.3029645613926285,2,0.648940381166157,0.26319718605251535,2
parametric,1,2.495120406150818,2.739244842529297,5,0.75,0.3535533905932738,2,0.4240353697749196,0.24612318026830796,2,0.6170518825610815,0.24181371742612076,2
parametric,1,2.495120406150818,2.7799322485923765,5,0.875,0.1767766952966369,2,0.5870176848874598,0.2998382854307908,2,0.5734024137799942,0.23344235475139502,2
parametric,1,2.495120406150818,2.8206196546554567,5,0.875,0.1767766952966369,2,0.5669212218649518,0.27141759486863054,2,0.5409384614964989,0.2227470807557893,2
parametric,1,2.495120406150818,2.8613070607185365,5,1.0,0.0,2,0.5892282958199357,0.12618786609599164,2,0.5082095733422043,0.2150411916760206,2
parametric,1,2.495120406150818,2.901994466781616,5,1.0,0.0,2,0.6093247588424437,0.1546085566581519,2,0.4823420739570596,0.21773878748384717,2
parametric,1,2.495120406150818,2.942681872844696,5,1.0,0.0,2,0.6093247588424437,0.1546085566581519,2,0.45088250797851254,0.2024552967102301,2
parametric,1,2.495120406150818,2.9833692789077757,5,1.0,0.0,2,0.6696141479099678,0.2398706283446326,2,0.41669551929254556,0.21081532418669902,2
parametric,1,2.495120406150818,3.024056684970856,5,1.0,0.0,2,0.7745176848874598,0.034673242485835455,2,0.38044422680821727,0.21261001121257284,2
parametric,1,2.495120406150818,3.0647440910339356,5,1.0,,1,0.75,,1,0.18856750553369528,,1
parametric,1,2.495120406150818,3.1054314970970154,5,1.0,,1,0.75,,1,0.1612599946761132,,1
parametric,1,2.495120406150818,3.146118903160095,5,1.0,,1,0.75,,1,0.129497499691844,,1
parametric,1,2.495120406150818,3.186806309223175,5,,,0,,,0,,,0
parametric,1,2.495120406150818,3.227493715286255,5,,,0,,,0,,,0
parametric,1,2.495120406150818,3.268181121349335,5,,,0,,,0,,,0
parametric,1,2.495120406150818,3.3088685274124146,5,,,0,,,0,,,0
parametric,1,2.495120406150818,3.3495559334754943,5,,,0,,,0,,,0
parametric,1,2.495120406150818,3.390243339538574,5,,,0,,,0,,,0
parametric,1,2.495120406150818,3.4309307456016542,5,,,0,,,0,,,0
parametric,1,2.495120406150818,3.471618151664734,5,,,0,,,0,,,0
parametric,1,2.495120406150818,3.5123055577278137,5,,,0,,,0,,,0
parametric,1,2.495120406150818,3.552992963790894,5,,,0,,,0,,,0
parametric,1,2.495120406150818,3.593680369853973,5,,,0,,,0,,,0
parametric,1,2.495120406150818,3.6343677759170534,5,,,0,,,0,,,0
parametric,1,2.495120406150818,3.675055181980133,5,,,0,,,0,,,0
parametric,1,2.495120406150818,3.715742588043213,5,,,0,,,0,,,0
parametric,2,1.4514093101024628,1.526887086033821,5,0.5433116160136664,0.2629026018990473,4,0.5405124161221365,0.2683352521816072,4,0.025677295030410306,0.007194124705003122,3
parametric,2,1.4514093101024628,1.6023648619651794,5,0.6530523936894708,0.11721539800177214,4,0.6455011726587592,0.12025664921684695,4,0.0477121562064492,0.029489682789441325,3
parametric,2,1.4514093101024628,1.6778426378965379,5,0.7619925397393168,0.0638266317853657,5,0.7461347760924805,0.06239501291539746,5,0.08347307582539996,0.014948100651755116,4
parametric,2,1.4514093101024628,1.7533204138278962,5,0.7772482161784758,0.04219834675596778,5,0.7509212701246748,0.045192272186422466,5,0.10672666724392064,0.03346802620720693,4
parametric,2,1.4514093101024628,1.8287981897592545,5,0.7356820978110528,0.033482690233942305,5,0.7166335186769686,0.029846090082408152,5,0.13907122646253384,0.02585489991449602,4
parametric,2,1.4514093101024628,1.9042759656906127,5,0.7081098210360715,0.03348577756486963,5,0.6990404142001378,0.017461197481524592,5,0.17398535879090163,0.033504892572859137,4
parametric,2,1.4514093101024628,1.979753741621971,5,0.7069161067896562,0.02544191376415619,5,0.6899711107532556,0.009760918682168943,5,0.1797497709819168,0.03543851650321762,4
parametric,2,1.4514093101024628,2.0552315175533296,5,0.7082786701023414,0.03536565800397021,5,0.6796414162064259,0.0227301796000602,5,0.2077441417982141,0.040078894022497924,4
parametric,2,1.4514093101024628,2.1307092934846876,5,0.7168967391007681,0.05965850974906871,5,0.6821519329863238,0.02617199971861707,5,0.21811791058146923,0.0168623077080042,4
parametric,2,1.4514093101024628,2.206187069416046,5,0.7266839549132967,0.03541373330662407,5,0.6841720464730325,0.02609492692475834,5,0.2216495836375471,0.019221386911864494,4
parametric,2,1.4514093101024628,2.2816648453474047,5,0.7484041918356132,0.06034827370865616,5,0.6856802822578759,0.0330555527769304,5,0.22349505088859645,0.020759868287510884,4
parametric,2,1.4514093101024628,2.3571426212787627,5,0.751494360409301,0.07195239802482405,5,0.6854954648558987,0.03492551516848539,5,0.22189944604589795,0.03137238983737357,4
parametric,2,1.4514093101024628,2.4326203972101212,5,0.7137205129058519,0.1707787123466896,5,0.6903714945258008,0.045583889996533025,5,0.2195907586799739,0.02776911098668365,4
parametric,2,1.4514093101024628,2.5080981731414793,5,0.6934689601892048,0.1518188232618947,5,0.6831260108423945,0.04169352402619083,5,0.20213588489039738,0.033748642969490775,4
parametric,2,1.4514093101024628,2.583575949072838,5,0.7589335008057876,0.12499065853632073,5,0.6744337523107443,0.03562480653146631,5,0.17796330833231844,0.04665567326671577,4
parametric,2,1.4514093101024628,2.6590537250041963,5,0.8031369980268528,0.12700246563132134,4,0.6896588019780157,0.03187836664109073,4,0.16201601712611147,0.012065405186830438,3
parametric,2,1.4514093101024628,2.7345315009355544,5,0.7762308015835435,0.17617148931499413,4,0.6851583977083769,0.036991121926104875,4,0.1501093301169145,0.0056480855021398425,3
parametric,2,1.4514093101024628,2.8100092768669125,5,0.7956213344031325,0.14359397035799545,4,0.6842335393545148,0.04200253495688023,4,0.14718249242541706,0.013148233328753926,3
parametric,2,1.4514093101024628,2.885487052798271,5,0.9290873327109824,0.034433749625117166,3,0.7051319776933851,0.03429067119711837,3,0.12637301400934237,0.03846164836445446,2
parametric,2,1.4514093101024628,2.9609648287296295,5,0.7827024288039564,0.1417410820234008,3,0.6820087473316704,0.0580066044502951,3,0.14135908933840224,0.0672691549538733,2
parametric,2,1.4514093101024628,3.036442604660988,5,0.7166415818280456,0.07716187722274781,2,0.6534540519499339,0.010665875032095505,2,0.2796417346081513,,1
parametric,2,1.4514093101024628,3.111920380592346,5,0.7809811926537166,,1,0.6596346597324138,,1,,,0
parametric,2,1.4514093101024628,3.187398156523704,5,,,0,,,0,,,0
parametric,2,1.4514093101024628,3.2628759324550627,5,,,0,,,0,,,0
parametric,2,1.4514093101024628,3.338353708386421,5,,,0,,,0,,,0
parametric,2,1.4514093101024628,3.4138314843177797,5,,,0,,,0,,,0
parametric,2,1.4514093101024628,3.489309260249138,5,,,0,,,0,,,0
parametric,2,1.4514093101024628,3.5647870361804963,5,,,0,,,0,,,0
parametric,2,1.4514093101024628,3.6402648121118544,5,,,0,,,0,,,0
parametric,2,1.4514093101024628,3.715742588043213,5,,,0,,,0,,,0
parametric,2,2.107118248939514,2.1607390602429706,5,0.5633686076001833,0.2800772555390612,4,0.5629131175511707,0.2729690938687907,4,0.07824918713985562,0.041738645896663706,3
parametric,2,2.107118248939514,2.2143598715464274,5,0.6336931031469022,0.04971549173980207,5,0.617246607976358,0.07257134855393448,5,0.10219382441609612,0.057209488211546464,4
parametric,2,2.107118248939514,2.267980682849884,5,0.647520330392488,0.20236982600918205,5,0.6193358613543675,0.21786860380533932,5,0.159733312813443,0.0851320684333228,4
parametric,2,2.107118248939514,2.3216014941533407,5,0.6457325686128479,0.1883134748820072,5,0.6381192674348756,0.21585054426262207,5,0.16425715884272246,0.09505388200710176,4
parametric,2,2.107118248939514,2.375222305456797,5,0.6382519371020648,0.12443935103512997,5,0.6241623221654671,0.11971737047636141,5,0.1838030934615416,0.09637910576080473,4
parametric,2,2.107118248939514,2.428843116760254,5,0.5769169022504859,0.1266039924740516,5,0.5901885508902545,0.1152003611667378,5,0.2012528356444196,0.10872039282960645,4
parametric,2,2.107118248939514,2.4824639280637104,5,0.5549998454251936,0.1304486144508744,5,0.5564565555339758,0.13131656441204753,5,0.22824892925968313,0.07173156174020356,4
parametric,2,2.107118248939514,2.5360847393671673,5,0.7012379684215123,0.20207561268414762,5,0.5935438274732959,0.08905107186800953,5,0.2525148356416741,0.05711360511258581,4
parametric,2,2.107118248939514,2.5897055506706237,5,0.632599352554635,0.27152358518816716,5,0.5499454422103345,0.12651194904693866,5,0.31322160205607397,0.04641960384420858,4
parametric,2,2.107118248939514,2.64332636197408,5,0.5890364824612172,0.18207337537119295,4,0.5364058003681471,0.10997745610953838,4,0.30950112623320697,0.07067078788939118,3
parametric,2,2.107118248939514,2.696947173277537,5,0.5814901402231224,0.21086488732388506,4,0.5505662321431612,0.13327670426507235,4,0.2891815194985824,0.0661514180519935,3
parametric,2,2.107118248939514,2.750567984580994,5,0.6135770026109156,0.24253388014718416,4,0.570499449049227,0.15156652992196756,4,0.2632272759569217,0.06210831477610542,3
parametric,2,2.107118248939514,2.8041887958844502,5,0.6730989184529206,0.1549597661944479,4,0.6119022191234587,0.0886819600245473,4,0.25627285151312545,0.051223702923185246,3
parametric,2,2.107118248939514,2.8578096071879067,5,0.7816514519964205,0.1796536058202986,3,0.6351157546977485,0.09167813876025672,3,0.19636102678614614,0.056242064036226176,2
parametric,2,2.107118248939514,2.9114304184913635,5,0.787899298581749,0.16889873102276906,3,0.6391538405231193,0.0993733601983503,3,0.18970177149449544,0.0033491567246530978,2
parametric,2,2.107118248939514,2.9650512297948204,5,0.7838319659475576,0.14421687705280886,3,0.6228853717107802,0.08503995279406897,3,0.19431439113562443,0.028722993644473636,2
parametric,2,2.107118248939514,3.018672041098277,5,0.7575399771445369,0.1572346269719246,3,0.619631609968026,0.09181647680458596,3,0.21692579938409143,0.016848165791417322,2
parametric,2,2.107118248939514,3.072292852401733,5,0.8438004536886394,,1,0.5775505482357831,,1,,,0
parametric,2,2.107118248939514,3.12591366370519,5,0.8438004536886394,,1,0.596867140979977,,1,,,0
parametric,2,2.107118248939514,3.1795344750086465,5,,,0,,,0,,,0
parametric,2,2.107118248939514,3.233155286312103,5,,,0,,,0,,,0
parametric,2,2.107118248939514,3.2867760976155598,5,,,0,,,0,,,0
parametric,2,2.107118248939514,3.3403969089190166,5,,,0,,,0,,,0
parametric,2,2.107118248939514,3.3940177202224735,5,,,0,,,0,,,0
parametric,2,2.107118248939514,3.44763853152593,5,,,0,,,0,,,0
parametric,2,2.107118248939514,3.5012593428293863,5,,,0,,,0,,,0
parametric,2,2.107118248939514,3.554880154132843,5,,,0,,,0,,,0
parametric,2,2.107118248939514,3.6085009654362996,5,,,0,,,0,,,0
parametric,2,2.107118248939514,3.662121776739756,5,,,0,,,0,,,0
parametric,2,2.107118248939514,3.715742588043213,5,,,0,,,0,,,0
parametric,2,2.495120406150818,2.5358078122138976,5,0.5490143369175627,0.32254325749085827,4,0.5491228070175438,0.3225494777385512,4,0.20487942047633143,0.13724203371975233,3
parametric,2,2.495120406150818,2.5764952182769774,5,0.6956396119363848,0.275085268916519,4,0.6915050964532703,0.2791543983815922,4,0.33589779459884594,0.04799961894813773,3
parametric,2,2.495120406150818,2.6171826243400576,5,0.771897691430176,0.3006092831288803,5,0.7654288456726668,0.29657679358487216,5,0.26215158020340673,0.10948829761481205,4
parametric,2,2.495120406150818,2.6578700304031373,5,0.6716351162411401,0.3461653080795015,4,0.659397482380549,0.31290512808544757,4,0.31725313712849296,0.23129088321027588,3
parametric,2,2.495120406150818,2.698557436466217,5,0.604394686505429,0.23809017320769577,4,0.5957915515688209,0.22954036111800713,4,0.3054236678191186,0.22100164824009044,3
parametric,2,2.495120406150818,2.739244842529297,5,0.5809957485948772,0.2711150319072529,4,0.5772096911568994,0.22377245015456468,4,0.3183947543367215,0.2124123518834834,3
parametric,2,2.495120406150818,2.7799322485923765,5,0.606192562150804,0.1818335830041077,4,0.6367693508237796,0.1581922001845528,4,0.30344783168413386,0.20067149104282817,3
parametric,2,2.495120406150818,2.8206196546554567,5,0.5610376318165314,0.37908864105868634,4,0.6441461802202182,0.11392969776376115,4,0.3722873635716217,0.32865916570360737,3
parametric,2,2.495120406150818,2.8613070607185365,5,0.8538464556889434,0.13839204879526573,3,0.6970205945825492,0.15916244393108428,3,0.20742537375867476,0.07568584005730766,2
parametric,2,2.495120406150818,2.901994466781616,5,0.8545613485506175,0.1388295990118418,3,0.7020747425242412,0.15586836093504644,3,0.193473292199182,0.06920858820174465,2
parametric,2,2.495120406150818,2.942681872844696,5,0.8545613485506175,0.1388295990118418,3,0.6963875432866886,0.16229626409135686,3,0.17285694777436145,0.06683492130802968,2
parametric,2,2.495120406150818,2.9833692789077757,5,0.7897828313819225,0.30493723361137454,3,0.5818467848988479,0.12766992765038626,3,0.35409204930457416,0.12009704111481674,2
parametric,2,2.495120406150818,3.024056684970856,5,0.81334846657401,0.32328993920445503,3,0.5749594655183189,0.12085642538083904,3,0.3287138422609579,0.12053280619192251,2
parametric,2,2.495120406150818,3.0647440910339356,5,1.0,,1,0.6482107037972064,,1,,,0
parametric,2,2.495120406150818,3.1054314970970154,5,1.0,,1,0.6306755259812536,,1,,,0
parametric,2,2.495120406150818,3.146118903160095,5,1.0,,1,0.6229268689405022,,1,,,0
parametric,2,2.495120406150818,3.186806309223175,5,,,0,,,0,,,0
parametric,2,2.495120406150818,3.227493715286255,5,,,0,,,0,,,0
parametric,2,2.495120406150818,3.268181121349335,5,,,0,,,0,,,0
parametric,2,2.495120406150818,3.3088685274124146,5,,,0,,,0,,,0
parametric,2,2.495120406150818,3.3495559334754943,5,,,0,,,0,,,0
parametric,2,2.495120406150818,3.390243339538574,5,,,0,,,0,,,0
parametric,2,2.495120406150818,3.4309307456016542,5,,,0,,,0,,,0
parametric,2,2.495120406150818,3.471618151664734,5,,,0,,,0,,,0
parametric,2,2.495120406150818,3.5123055577278137,5,,,0,,,0,,,0
parametric,2,2.495120406150818,3.552992963790894,5,,,0,,,0,,,0
parametric,2,2.495120406150818,3.593680369853973,5,,,0,,,0,,,0
parametric,2,2.495120406150818,3.6343677759170534,5,,,0,,,0,,,0
parametric,2,2.495120406150818,3.675055181980133,5,,,0,,,0,,,0
parametric,2,2.495120406150818,3.715742588043213,5,,,0,,,0,,,0
parametric,3,1.4514093101024628,1.526887086033821,5,0.4918032786885246,,1,0.4920634920634921,,1,0.015543718237408832,,1
parametric,3,1.4514093101024628,1.6023648619651794,5,0.7413040819820481,0.28238146838337563,3,0.7409421148227118,0.28427498619657304,3,0.014756088294427566,0.0010576771105486394,3
parametric,3,1.4514093101024628,1.6778426378965379,5,0.6176920525068137,0.2897880774200154,3,0.6140148910107989,0.2898996188579868,3,0.025178937387118596,0.01849115415183031,3
parametric,3,1.4514093101024628,1.7533204138278962,5,0.5940388590151483,0.30956794454652126,3,0.5931971488644089,0.3142143310870137,3,0.029910565780065918,0.015888565249706887,3
parametric,3,1.4514093101024628,1.8287981897592545,5,0.7586116364000765,0.18023831732683393,3,0.7476341949741329,0.184131760930038,3,0.035013341745587116,0.024588004735181728,3
parametric,3,1.4514093101024628,1.9042759656906127,5,0.767041443235367,0.13545827940443553,4,0.7625736057954708,0.14008902119977903,4,0.037261359243440664,0.027639011612977524,4
parametric,3,1.4514093101024628,1.979753741621971,5,0.7523895424098758,0.11311043160933906,4,0.744402682424911,0.13090636443259934,4,0.04569575756274433,0.04256783412583051,4
parametric,3,1.4514093101024628,2.0552315175533296,5,0.6983296702768841,0.1405219601340533,4,0.6757355283334148,0.1670427521763194,4,0.04913187776229368,0.03715201150385998,4
parametric,3,1.4514093101024628,2.1307092934846876,5,0.687936203014905,0.15064738683808954,4,0.6674807738494968,0.14602582415332963,4,0.05800293724966131,0.030196177406791192,4
parametric,3,1.4514093101024628,2.206187069416046,5,0.750899119902443,0.09981623813377033,4,0.7199631092728986,0.10630633187091063,4,0.081049428682156,0.022605152074223336,4
parametric,3,1.4514093101024628,2.2816648453474047,5,0.7616917672387565,0.05102867160794696,4,0.7329346768455258,0.06550849033475503,4,0.10954536083547298,0.02196922269558081,4
parametric,3,1.4514093101024628,2.3571426212787627,5,0.7566813273703128,0.08366729439639928,4,0.7227929161366232,0.10306726932856396,4,0.12393794998922161,0.022785934311875894,4
parametric,3,1.4514093101024628,2.4326203972101212,5,0.7191201937645444,0.11290676201666028,4,0.7070040705544142,0.09076028667001465,4,0.12899677968033685,0.02695389497475422,4
parametric,3,1.4514093101024628,2.5080981731414793,5,0.6862283702967179,0.1087745921962419,4,0.6714620904209707,0.09935474057533197,4,0.14913041058397283,0.017529150365827667,4
parametric,3,1.4514093101024628,2.583575949072838,5,0.7059435609642705,0.07832769488613969,4,0.6726068724618224,0.06913494917115526,4,0.17691033431326963,0.01590089994000148,4
parametric,3,1.4514093101024628,2.6590537250041963,5,0.6735292715062068,0.09190396475203164,4,0.6593423754053147,0.07805528398094992,4,0.1897565139606037,0.03039410957218195,4
parametric,3,1.4514093101024628,2.7345315009355544,5,0.6651568210267161,0.08455431516058236,4,0.6453356094928513,0.07877766822840009,4,0.197830586250746,0.03799141061076764,4
parametric,3,1.4514093101024628,2.8100092768669125,5,0.6508549507714748,0.1184814986230959,4,0.62163436798073,0.09191006399450723,4,0.21463823210507374,0.05389640935313028,4
parametric,3,1.4514093101024628,2.885487052798271,5,0.6013457281531963,0.08758032634017902,4,0.6214982294221167,0.09767940058018511,4,0.24933344904922128,0.055108519690814074,4
parametric,3,1.4514093101024628,2.9609648287296295,5,0.6312691737980517,0.17583809653876536,4,0.6166243938324572,0.11391841145049095,4,0.2588757977790633,0.08340015020915746,4
parametric,3,1.4514093101024628,3.036442604660988,5,0.6868131613545325,0.25023689612070876,4,0.6375149903768986,0.09444067936627043,4,0.2748070174853896,0.1427180893370653,4
parametric,3,1.4514093101024628,3.111920380592346,5,0.6531193322535533,0.274634051222424,4,0.6229515048701734,0.09871013029262625,4,0.2699263715617648,0.169653129430884,4
parametric,3,1.4514093101024628,3.187398156523704,5,0.6068747634440964,0.34211043048271295,3,0.6191202549529241,0.11442538982017561,3,0.3533927837834315,0.21298407441987288,3
parametric,3,1.4514093101024628,3.2628759324550627,5,0.3767121759367569,,1,0.4973090278027219,,1,0.9837676230428747,,1
parametric,3,1.4514093101024628,3.338353708386421,5,0.0,,1,0.491840102577805,,1,0.7991193664650571,,1
parametric,3,1.4514093101024628,3.4138314843177797,5,,,0,,,0,,,0
parametric,3,1.4514093101024628,3.489309260249138,5,,,0,,,0,,,0
parametric,3,1.4514093101024628,3.5647870361804963,5,,,0,,,0,,,0
parametric,3,1.4514093101024628,3.6402648121118544,5,,,0,,,0,,,0
parametric,3,1.4514093101024628,3.715742588043213,5,,,0,,,0,,,0
parametric,3,2.107118248939514,2.1607390602429706,5,0.43396412269354867,0.011524568232837144,3,0.43627784267996317,0.011944288307801355,3,0.028404219879962635,0.011159388689915709,3
parametric,3,2.107118248939514,2.2143598715464274,5,0.6840812562215899,0.29757546387743167,4,0.681070383124222,0.2896345962714429,4,0.04540087414576808,0.018675468217143727,4
parametric,3,2.107118248939514,2.267980682849884,5,0.7683906650750607,0.2174799809315,4,0.7663204673852974,0.21956025275003976,4,0.07081125669088537,0.04455685626443936,4
parametric,3,2.107118248939514,2.3216014941533407,5,0.8432029540654571,0.14607590283309171,4,0.8276349295710846,0.15568949733903253,4,0.08686957663097251,0.05836265198820104,4
parametric,3,2.107118248939514,2.375222305456797,5,0.8507121365305966,0.12475317285198884,4,0.82418737378923,0.14263088947499813,4,0.08916534939681807,0.052171510306108324,4
parametric,3,2.107118248939514,2.428843116760254,5,0.7980468900408733,0.12607193221268195,4,0.7821837321574776,0.12526570452016342,4,0.09463842654368024,0.04535464078272406,4
parametric,3,2.107118248939514,2.4824639280637104,5,0.770704851160088,0.1136529151920186,4,0.7585476888323399,0.11491961547351086,4,0.10638242018045306,0.05259911450440998,4
parametric,3,2.107118248939514,2.5360847393671673,5,0.6999977568028327,0.03627424504866574,4,0.696278911747878,0.022484188549542893,4,0.13671147581679036,0.056316384372219586,4
parametric,3,2.107118248939514,2.5897055506706237,5,0.7037210647480764,0.06405479245736946,4,0.679753001711848,0.05461681263203484,4,0.1557380609207625,0.034124115732297136,4
parametric,3,2.107118248939514,2.64332636197408,5,0.6573443643782494,0.08908855680533376,4,0.6545976504837658,0.07408342929528,4,0.1631989871758325,0.046280642256422165,4
parametric,3,2.107118248939514,2.696947173277537,5,0.6738345308421917,0.03855435784003985,4,0.6559129831481237,0.05233865983078804,4,0.17307607564927333,0.048855799701977155,4
parametric,3,2.107118248939514,2.750567984580994,5,0.6608030925576636,0.03652251012686297,4,0.6415732938029085,0.04800173687313812,4,0.20132583114215138,0.08339168446699072,4
parametric,3,2.107118248939514,2.8041887958844502,5,0.6674979087968532,0.07828842826300368,4,0.6278842834682374,0.0547139897584635,4,0.20634829111701597,0.08312730993374287,4
parametric,3,2.107118248939514,2.8578096071879067,5,0.7074430253120745,0.0879298802608639,4,0.6556498780890307,0.0444628654406777,4,0.2191893811016462,0.08216038927888179,4
parametric,3,2.107118248939514,2.9114304184913635,5,0.6275626166758963,0.18064689266178352,4,0.6280421297552357,0.0911557412330967,4,0.27269973979094875,0.14396988610513287,4
parametric,3,2.107118248939514,2.9650512297948204,5,0.6075078134346635,0.2115610267436953,4,0.6065501471484741,0.09801961285668691,4,0.2934125641597579,0.11749166489550303,4
parametric,3,2.107118248939514,3.018672041098277,5,0.7086562720988749,0.1615710303460243,4,0.6188102518785089,0.07761700263957431,4,0.2927751838297071,0.12394511412608118,4
parametric,3,2.107118248939514,3.072292852401733,5,0.7593504736266775,0.20646277337901334,4,0.618747379842035,0.07814006013579392,4,0.294318190086806,0.1565911058803984,4
parametric,3,2.107118248939514,3.12591366370519,5,0.7300473875319959,0.2418806664652839,4,0.6124973253805265,0.08470772583794844,4,0.3139809633145018,0.2246141990835152,4
parametric,3,2.107118248939514,3.1795344750086465,5,0.739955214084366,0.2371821352651637,4,0.6141455977120587,0.09072248294843151,4,0.2990067947364729,0.23345728097933188,4
parametric,3,2.107118248939514,3.233155286312103,5,0.6450987970400973,0.27964395582268164,2,0.5928921587334426,0.10316905158159852,2,0.49544496322210185,0.43789129965398205,2
parametric,3,2.107118248939514,3.2867760976155598,5,0.10202543014177295,,1,0.5227547819114139,,1,0.8808068249388846,,1
parametric,3,2.107118248939514,3.3403969089190166,5,0.10202543014177291,,1,0.5232419681907553,,1,0.8490180703463126,,1
parametric,3,2.107118248939514,3.3940177202224735,5,,,0,,,0,,,0
parametric,3,2.107118248939514,3.44763853152593,5,,,0,,,0,,,0
parametric,3,2.107118248939514,3.5012593428293863,5,,,0,,,0,,,0
parametric,3,2.107118248939514,3.554880154132843,5,,,0,,,0,,,0
parametric,3,2.107118248939514,3.6085009654362996,5,,,0,,,0,,,0
parametric,3,2.107118248939514,3.662121776739756,5,,,0,,,0,,,0
parametric,3,2.107118248939514,3.715742588043213,5,,,0,,,0,,,0
parametric,3,2.495120406150818,2.5358078122138976,5,0.42368421052631583,0.008639348948943975,3,0.4261904761904762,0.00858464589396188,3,0.044256192103130726,0.012140091623329583,3
parametric,3,2.495120406150818,2.5764952182769774,5,0.5853915406216073,0.29220563907925884,4,0.568005792743002,0.30226382653603195,4,0.07083206112779242,0.023992158468015008,4
parametric,3,2.495120406150818,2.6171826243400576,5,0.6374788592017007,0.29813069019515465,4,0.6194617793941751,0.2885033268318566,4,0.07971305984100588,0.016796863232100487,4
parametric,3,2.495120406150818,2.6578700304031373,5,0.647444894996148,0.30397707620100994,4,0.6173932427983932,0.296507477702809,4,0.07662436678147892,0.015946128757687805,4
parametric,3,2.495120406150818,2.698557436466217,5,0.6516761881063687,0.3767228993429634,4,0.6148724474859015,0.3636508930655742,4,0.08314317146891582,0.03358429721672294,4
parametric,3,2.495120406150818,2.739244842529297,5,0.7143464243915609,0.3047694335898945,4,0.6772722505851205,0.2667211234789748,4,0.08891422781238871,0.05479960978716623,4
parametric,3,2.495120406150818,2.7799322485923765,5,0.8354293771288104,0.1486372459904971,4,0.8015497761225843,0.1393627955318931,4,0.12035107904704635,0.08697404694551052,4
parametric,3,2.495120406150818,2.8206196546554567,5,0.7497739758299558,0.23983495802609686,4,0.7397903308512677,0.21093512525380828,4,0.15595264773687342,0.08702550116820638,4
parametric,3,2.495120406150818,2.8613070607185365,5,0.7399742914399106,0.25979563375870035,4,0.7462031206316927,0.21562639737142913,4,0.16394283143880634,0.08751908725993131,4
parametric,3,2.495120406150818,2.901994466781616,5,0.671899280684549,0.2658483613441477,4,0.7060522370295954,0.24168229504872218,4,0.23530160941520956,0.1618586559717846,4
parametric,3,2.495120406150818,2.942681872844696,5,0.6833589217828074,0.31570846597135405,4,0.7095610251828438,0.25529014542516154,4,0.24129931539583213,0.1656512386191389,4
parametric,3,2.495120406150818,2.9833692789077757,5,0.5463447315539423,0.21930607919372794,4,0.5932048508424612,0.15649175281708513,4,0.27871077896488955,0.0946734056998945,4
parametric,3,2.495120406150818,3.024056684970856,5,0.7213243559061239,0.3263554500272398,4,0.6952053389555669,0.2126528582241406,4,0.3438706450612395,0.1490919230854867,4
parametric,3,2.495120406150818,3.0647440910339356,5,0.714969087778613,0.3683013932434359,4,0.6457275829549465,0.1693890522816575,4,0.34244480396149146,0.15374247847138947,4
parametric,3,2.495120406150818,3.1054314970970154,5,0.7611090836016305,0.29014235695083296,4,0.6508962030496375,0.14591091334338588,4,0.33924482698242425,0.17888494275575315,4
parametric,3,2.495120406150818,3.146118903160095,5,0.7560497437149662,0.27571173677465627,4,0.6601112428328664,0.15273744542383044,4,0.3182885585609879,0.17419710216538364,4
parametric,3,2.495120406150818,3.186806309223175,5,0.6814787781355074,0.2970319303605394,3,0.6414493721478414,0.1800448574849804,3,0.33147467384179713,0.250501650263274,3
parametric,3,2.495120406150818,3.227493715286255,5,0.6897470047358607,0.4387639936694214,2,0.6134340512448191,0.25076369842163215,2,0.4400564128827975,0.37686432072625314,2
parametric,3,2.495120406150818,3.268181121349335,5,0.4120540120974768,,1,0.4426024426054364,,1,0.8324431042724711,,1
parametric,3,2.495120406150818,3.3088685274124146,5,0.08882849152591786,,1,0.4426024426054364,,1,0.7174474604372799,,1
parametric,3,2.495120406150818,3.3495559334754943,5,0.08882849152591786,,1,0.43908060877009303,,1,0.735724636351691,,1
parametric,3,2.495120406150818,3.390243339538574,5,0.08882849152591786,,1,0.419066735119463,,1,0.7373959621465497,,1
parametric,3,2.495120406150818,3.4309307456016542,5,,,0,,,0,,,0
parametric,3,2.495120406150818,3.471618151664734,5,,,0,,,0,,,0
parametric,3,2.495120406150818,3.5123055577278137,5,,,0,,,0,,,0
parametric,3,2.495120406150818,3.552992963790894,5,,,0,,,0,,,0
parametric,3,2.495120406150818,3.593680369853973,5,,,0,,,0,,,0
parametric,3,2.495120406150818,3.6343677759170534,5,,,0,,,0,,,0
parametric,3,2.495120406150818,3.675055181980133,5,,,0,,,0,,,0
parametric,3,2.495120406150818,3.715742588043213,5,,,0,,,0,,,0
