model,landmark,horizon,n_records,mean_auc_ipcw,sd_auc_ipcw,n_valid_auc_ipcw,mean_c_index_ipcw,sd_c_index_ipcw,n_valid_c_index_ipcw,mean_brier_ipcw,sd_brier_ipcw,n_valid_brier_ipcw
jmstate,0.3708520382642746,0.4061758433779081,5,0.8525446579036062,0.1438606571714536,3,0.8424146005089576,0.15036349798866713,3,0.025331285132499604,0.011025497994901863,3
jmstate,0.3708520382642746,0.44149964849154155,5,0.8199383700401972,0.15761315030558348,4,0.8034725101485627,0.167682045309285,4,0.031004206638717956,0.010850124256905857,4
jmstate,0.3708520382642746,0.47682345360517503,5,0.8712483378107148,0.09055464033965978,4,0.8555296247074096,0.10275859725656251,4,0.04359757188595438,0.0186592531363915,4
jmstate,0.3708520382642746,0.5121472587188085,5,0.8995078732460311,0.06599901520352947,4,0.877204773952909,0.087924892989522,4,0.05015044805319195,0.018700658175811388,4
jmstate,0.3708520382642746,0.5474710638324419,5,0.9220659934290467,0.07334863851631244,4,0.8866601810815293,0.08883354524816457,4,0.05348434083104688,0.020290922113955313,4
jmstate,0.3708520382642746,0.5827948689460755,5,0.8144344891366059,0.3004926620806462,5,0.7830686761884749,0.27404758113979205,5,0.052602960248750906,0.00958786165555716,5
jmstate,0.3708520382642746,0.6181186740597089,5,0.8090312100576107,0.3103401253562193,5,0.7830686761884749,0.27404758113979205,5,0.05816270776562441,0.005068358302930825,5
jmstate,0.3708520382642746,0.6534424791733424,5,0.8071632258096664,0.3124093787436429,5,0.7805493813521587,0.25550631848864236,5,0.055769450193609835,0.01165914586568427,5
jmstate,0.3708520382642746,0.6887662842869758,5,0.826291247178194,0.277618691950139,5,0.783729332104706,0.2305522134023613,5,0.055377138422833296,0.014643742802083045,5
jmstate,0.3708520382642746,0.7240900894006093,5,0.7625008484809379,0.2433366203447418,5,0.7246417948540245,0.1981378845946754,5,0.07086728741424952,0.02510965534081249,5
jmstate,0.3708520382642746,0.7594138945142428,5,0.7717586578109856,0.2203511928070061,5,0.7310094614534248,0.1872015196580524,5,0.07442278841891514,0.02132275387176133,5
jmstate,0.3708520382642746,0.7947376996278763,5,0.7737954064680648,0.22266015247410872,5,0.7310094614534248,0.1872015196580524,5,0.07106713884819729,0.015348585786940734,5
jmstate,0.3708520382642746,0.8300615047415097,5,0.7629598569110309,0.24192353091424035,5,0.730838961516872,0.18767491526777969,5,0.07645062431076854,0.021164608799357276,5
jmstate,0.3708520382642746,0.8653853098551432,5,0.7357412530910616,0.10174480720855349,5,0.6865429891497724,0.07396820455486051,5,0.10374812930572777,0.04085686439600629,5
jmstate,0.3708520382642746,0.9007091149687767,5,0.7463236679317149,0.1150488542337858,5,0.6896255805645525,0.08685403247207943,5,0.120863276806328,0.061059392316923214,5
jmstate,0.3708520382642746,0.9360329200824101,5,0.7688422035016439,0.13253209599915852,5,0.7152593432703824,0.07632038162575105,5,0.14013518545192288,0.07065104379428976,5
jmstate,0.3708520382642746,0.9713567251960437,5,0.7734886476963352,0.13670200218176348,5,0.7220577754031516,0.06724058886390337,5,0.14750241967311417,0.07801352197969977,5
jmstate,0.3708520382642746,1.006680530309677,5,0.7774231568998337,0.13657331676078904,5,0.7358978666224328,0.056055896748129455,5,0.14920137308554146,0.07914268896615774,5
jmstate,0.3708520382642746,1.0420043354233106,5,0.7861064670784761,0.14293668470707363,5,0.7442357880990711,0.05913122566579354,5,0.16240023569966242,0.08908097297111081,5
jmstate,0.3708520382642746,1.077328140536944,5,0.7938240918287676,0.16292582527365798,5,0.7469988524648956,0.06718800159378588,5,0.1582775805328377,0.09828573398280621,5
jmstate,0.3708520382642746,1.1126519456505775,5,0.7881964931471133,0.16365590744173103,5,0.7467343871895119,0.0660540956191183,5,0.1677998865612358,0.10935679456597255,5
jmstate,0.3708520382642746,1.147975750764211,5,0.8193545047187968,0.11574857348774782,5,0.7569872326179422,0.04759694143930699,5,0.15566488859720073,0.09436480200780441,5
jmstate,0.3708520382642746,1.1832995558778445,5,0.8077477042632637,0.13133694970240448,5,0.7584554920466088,0.0507529664792473,5,0.16447036295135703,0.10516160902675666,5
jmstate,0.3708520382642746,1.218623360991478,5,0.7966680358129207,0.13314214587077908,5,0.7563510213133371,0.05123179902829728,5,0.17454785728594785,0.11157866796027585,5
jmstate,0.3708520382642746,1.2539471661051116,5,0.7765767699214708,0.1549864699175461,5,0.755588723714641,0.05185760391889262,5,0.18790803383540555,0.11466883793167745,5
jmstate,0.3708520382642746,1.289270971218745,5,0.7624972040778659,0.21548103625643503,5,0.755588723714641,0.05185760391889262,5,0.19789298581505546,0.14036961069519444,5
jmstate,0.3708520382642746,1.3245947763323784,5,0.7624972040778659,0.21548103625643503,5,0.7588556520025658,0.05563022848859521,5,0.21886373581613724,0.17438477973635094,5
jmstate,0.3708520382642746,1.3599185814460117,5,0.6418794047176947,0.3765792619710021,5,0.7583282037829413,0.058938534631404416,5,0.24136420561063449,0.16231062468106358,5
jmstate,0.3708520382642746,1.3952423865596453,5,0.5301846804096254,0.41878899876575615,5,0.6805696512425543,0.20673236475361628,5,0.32766890867674975,0.21520721458844502,5
jmstate,0.3708520382642746,1.4305661916732788,5,,,0,,,0,,,0
jmstate,0.6295860111713409,0.6562853505214056,5,1.0,,1,1.0,,1,0.022542418439713257,,1
jmstate,0.6295860111713409,0.6829846898714701,5,0.9375,0.08838834764831845,2,0.9038461538461539,0.13598207330510528,2,0.027805523144579077,0.013875571487379508,2
jmstate,0.6295860111713409,0.7096840292215347,5,0.6739577564681765,0.26824605874928875,2,0.6448967974207948,0.23022761851942206,2,0.0428026993337052,0.008263642148571131,2
jmstate,0.6295860111713409,0.7363833685715994,5,0.7181456364795041,0.20145227200593366,3,0.7077089760583076,0.19580216423761704,3,0.04633075660310268,0.009867828893769939,3
jmstate,0.6295860111713409,0.7630827079216639,5,0.7350656290380563,0.21867867750554476,3,0.7205294888788204,0.20658435788372603,3,0.04987851732550195,0.0146902527196519,3
jmstate,0.6295860111713409,0.7897820472717285,5,0.7451609035120957,0.2214624207780296,3,0.7205294888788204,0.20658435788372603,3,0.05010858489261855,0.01898998116485495,3
jmstate,0.6295860111713409,0.8164813866217931,5,0.7295726313039556,0.22951845230439333,3,0.7205294888788204,0.20658435788372603,3,0.05438753414518414,0.02339027370186569,3
jmstate,0.6295860111713409,0.8431807259718577,5,0.6099431842426978,0.22980549064685316,3,0.6100596363891914,0.2047036630791284,3,0.07582998905772452,0.05883082716644746,3
jmstate,0.6295860111713409,0.8698800653219223,5,0.6117809695795406,0.20485218525787197,5,0.6059934841700786,0.1684640485564136,5,0.08398677191753717,0.048685329407976666,5
jmstate,0.6295860111713409,0.8965794046719868,5,0.6158205150691591,0.24391977835808584,5,0.6072965100064371,0.19261209032144047,5,0.10024161873888708,0.07033881246430501,5
jmstate,0.6295860111713409,0.9232787440220515,5,0.6269629167552615,0.23346590225975056,5,0.6138160422845135,0.19006785697221523,5,0.10510839697149592,0.0765312748534718,5
jmstate,0.6295860111713409,0.9499780833721161,5,0.698717859969556,0.19767164786164104,5,0.6806651751920196,0.17194830698600524,5,0.148554892740968,0.10755144405703852,5
jmstate,0.6295860111713409,0.9766774227221807,5,0.6863699185146098,0.20515097203691937,5,0.6823110395244736,0.17199641719670286,5,0.1541573930959774,0.112419712193485,5
jmstate,0.6295860111713409,1.0033767620722454,5,0.7164087252614729,0.18945065628800034,5,0.6973978071420704,0.16379097046521818,5,0.1536458863804286,0.11333901849671477,5
jmstate,0.6295860111713409,1.0300761014223099,5,0.7520853477448382,0.1922432613448547,5,0.721880213751465,0.16423163380707365,5,0.16670375055318437,0.12783735861791928,5
jmstate,0.6295860111713409,1.0567754407723744,5,0.7863991418800106,0.19833893436605848,5,0.7362154150639582,0.16330466246136402,5,0.15266346965647357,0.11971238550306897,5
jmstate,0.6295860111713409,1.083474780122439,5,0.7915570662874953,0.19882119026479053,5,0.7358784576898023,0.16326265434829523,5,0.1629201197443755,0.12227571342136453,5
jmstate,0.6295860111713409,1.1101741194725037,5,0.785426618433087,0.1959649863067536,5,0.7391877974816022,0.16382493673766735,5,0.16757076798419313,0.1250487229017402,5
jmstate,0.6295860111713409,1.1368734588225682,5,0.7903570465013001,0.19696064445134448,5,0.7437113537217099,0.165127732202683,5,0.1700623414707798,0.12616703992516196,5
jmstate,0.6295860111713409,1.1635727981726327,5,0.7903570465013001,0.1969606444513445,5,0.7437113537217099,0.165127732202683,5,0.1735356105067542,0.13183152332869297,5
jmstate,0.6295860111713409,1.1902721375226974,5,0.7804763280801177,0.19387728573777233,5,0.7421874644786726,0.17066197208365969,5,0.18121743655109246,0.13708547620069983,5
jmstate,0.6295860111713409,1.216971476872762,5,0.7800016923905895,0.193789923866134,5,0.7421874644786726,0.17066197208365969,5,0.18363344245130198,0.1356813035592443,5
jmstate,0.6295860111713409,1.2436708162228265,5,0.765101508810561,0.19098526958678044,5,0.7421874644786726,0.17066197208365969,5,0.19512353481272418,0.14208019582803397,5
jmstate,0.6295860111713409,1.2703701555728912,5,0.7961225701254089,0.2051716176792419,5,0.7404110482794282,0.17052574587305339,5,0.16595167852056902,0.11642378155602429,5
jmstate,0.6295860111713409,1.297069494922956,5,0.7885273679917499,0.2075838724317661,5,0.7440764011665554,0.17115152431019345,5,0.1866969847786624,0.14391501249733346,5
jmstate,0.6295860111713409,1.3237688342730205,5,0.7885273679917499,0.2075838724317661,5,0.7440764011665554,0.17115152431019345,5,0.1970210250967425,0.15568658721433562,5
jmstate,0.6295860111713409,1.350468173623085,5,0.6426039052715719,0.33534174889150203,5,0.7440764011665554,0.17115152431019345,5,0.26472294380781525,0.22713929853388024,5
jmstate,0.6295860111713409,1.3771675129731498,5,0.6426039052715719,0.33534174889150203,5,0.7440764011665554,0.17115152431019345,5,0.2672958440285736,0.22868864640749847,5
jmstate,0.6295860111713409,1.403866852323214,5,0.6287834263751314,0.3711543047343901,4,0.8129837290153155,0.08603677599275128,4,0.4296302026913049,0.38745168567163457,4
jmstate,0.6295860111713409,1.4305661916732788,5,,,0,,,0,,,0
jmstate,0.8879777491092682,0.9060640305280685,5,0.6315789473684211,,1,0.5714285714285714,,1,0.047508958490037466,,1
jmstate,0.8879777491092682,0.9241503119468689,5,0.6315789473684211,,1,0.5714285714285714,,1,0.05375118420766318,,1
jmstate,0.8879777491092682,0.9422365933656692,5,0.8034733107829387,0.1702768288068081,3,0.7909306703002817,0.18156970323686192,3,0.09987830702464433,0.019544072765233487,3
jmstate,0.8879777491092682,0.9603228747844696,5,0.8287834093817631,0.16685287891334982,3,0.8209549486649751,0.1582113934619207,3,0.12266314771712915,0.04608020245774829,3
jmstate,0.8879777491092682,0.97840915620327,5,0.8108874885257326,0.18752080039228697,3,0.8209549486649751,0.1582113934619207,3,0.1310135106437628,0.05230346544228898,3
jmstate,0.8879777491092682,0.9964954376220703,5,0.8108874885257326,0.18752080039228697,3,0.8209549486649751,0.1582113934619207,3,0.1399745112190737,0.060224501526796946,3
jmstate,0.8879777491092682,1.0145817190408706,5,0.8774863838974762,0.10872808658175095,3,0.8474423136624499,0.13237920121405392,3,0.16078759469150128,0.08131161139689325,3
jmstate,0.8879777491092682,1.032668000459671,5,0.8943880122333495,0.10381519575552764,3,0.8633175915038716,0.11938280386496436,3,0.1827021362210559,0.10006900919997054,3
jmstate,0.8879777491092682,1.0507542818784714,5,0.8828584628418849,0.12125039383277175,3,0.8633175915038716,0.11938280386496436,3,0.18390823848463297,0.10270876966641464,3
jmstate,0.8879777491092682,1.0688405632972717,5,0.9251723856449289,0.05946666925457049,4,0.8820965523402018,0.08563158828970743,4,0.13465316996085624,0.07663495003950982,4
jmstate,0.8879777491092682,1.086926844716072,5,0.9196091940887677,0.061839026250992316,4,0.8820965523402018,0.08563158828970743,4,0.135415484267651,0.07788636904109275,4
jmstate,0.8879777491092682,1.1050131261348723,5,0.9196091940887677,0.061839026250992316,4,0.8820965523402018,0.08563158828970743,4,0.13594472701128188,0.07794551552490601,4
jmstate,0.8879777491092682,1.1230994075536729,5,0.9080238989966638,0.069300920926121,4,0.8768920741758791,0.08683090208019503,4,0.15678111158492689,0.08872047733272757,4
jmstate,0.8879777491092682,1.1411856889724732,5,0.9080238989966638,0.069300920926121,4,0.8768920741758791,0.08683090208019503,4,0.15523346264933516,0.08801121121456598,4
jmstate,0.8879777491092682,1.1592719703912735,5,0.9080238989966638,0.069300920926121,4,0.8612555086688473,0.09728599147649705,4,0.15632830088483404,0.08929967540529034,4
jmstate,0.8879777491092682,1.1773582518100738,5,0.8996905656633305,0.08209863437999598,4,0.8612555086688473,0.09728599147649705,4,0.16312486018501227,0.0950808106577714,4
jmstate,0.8879777491092682,1.1954445332288741,5,0.8962183434411083,0.08299654571963533,4,0.8612555086688473,0.09728599147649705,4,0.16493722763465146,0.09529650313931724,4
jmstate,0.8879777491092682,1.2135308146476746,5,0.8917540577268226,0.0849749687603737,4,0.8612555086688473,0.09728599147649705,4,0.1674907296699868,0.09596793050616388,4
jmstate,0.8879777491092682,1.231617096066475,5,0.8733016767744416,0.10675630520287953,4,0.8575851235058829,0.10079196432445091,4,0.1731625273771022,0.09809487825925572,4
jmstate,0.8879777491092682,1.2497033774852753,5,0.8733016767744416,0.10675630520287953,4,0.8575851235058829,0.10079196432445091,4,0.1795439732561072,0.10165780803197802,4
jmstate,0.8879777491092682,1.2677896589040756,5,0.9149683434411082,0.11790006826123033,4,0.8575851235058829,0.10079196432445091,4,0.15558447912413503,0.10582479681553643,4
jmstate,0.8879777491092682,1.2858759403228759,5,0.894135010107775,0.1574847458519851,4,0.8575851235058829,0.10079196432445091,4,0.15915461583757642,0.10904749300147029,4
jmstate,0.8879777491092682,1.3039622217416764,5,0.894135010107775,0.1574847458519851,4,0.8575851235058829,0.10079196432445091,4,0.18126371599961028,0.13757836897886735,4
jmstate,0.8879777491092682,1.3220485031604767,5,0.894135010107775,0.1574847458519851,4,0.8575851235058829,0.10079196432445091,4,0.19374207142214053,0.15340496716544358,4
jmstate,0.8879777491092682,1.340134784579277,5,0.7162025151616624,0.4817026296032636,4,0.8575851235058829,0.10079196432445091,4,0.22176827873270677,0.18013153396335446,4
jmstate,0.8879777491092682,1.3582210659980773,5,0.7162025151616624,0.4817026296032636,4,0.8575851235058829,0.10079196432445091,4,0.2683551293329396,0.23538406958478447,4
jmstate,0.8879777491092682,1.3763073474168777,5,0.7162025151616624,0.4817026296032636,4,0.8575851235058829,0.10079196432445091,4,0.2732150027376768,0.24224295525363387,4
jmstate,0.8879777491092682,1.3943936288356782,5,0.57296201212933,0.5259441758112761,5,0.6860680988047063,0.39333155717029133,5,0.3379208329490508,0.2559830902930559,5
jmstate,0.8879777491092682,1.4124799102544785,5,0.909873373764433,0.1561038957547721,3,0.8795682229029832,0.11108100717024177,3,0.4792285766489295,0.7254387260693719,3
jmstate,0.8879777491092682,1.4305661916732788,5,,,0,,,0,,,0
