horizon,n_train,n_test,n_train_events,n_test_events,auc_ipcw,c_index_ipcw,brier_ipcw,fold,model,landmark
0.4061758433779081,188,46,28,0,,,,1,jmstate,0.3708520382642746
0.44149964849154155,188,46,28,1,0.6097560975609756,0.5813953488372093,0.026429712639585254,1,jmstate,0.3708520382642746
0.47682345360517503,188,46,28,2,0.7793082646001822,0.75685633906627,0.046480586133544353,1,jmstate,0.3708520382642746
0.5121472587188085,188,46,28,3,0.8557426560454141,0.8101366403804078,0.058996275429656644,1,jmstate,0.3708520382642746
0.5474710638324419,188,46,28,4,0.9130794654036714,0.8302905761710058,0.06933059479062002,1,jmstate,0.3708520382642746
0.5827948689460755,188,46,28,4,0.9150615801453961,0.8302905761710058,0.06672271006492383,1,jmstate,0.3708520382642746
0.6181186740597089,188,46,28,4,0.9173170900239105,0.8302905761710058,0.06509492159751465,1,jmstate,0.3708520382642746
0.6534424791733424,188,46,28,4,0.9138671515315446,0.8238519059410214,0.06570645879511679,1,jmstate,0.3708520382642746
0.6887662842869758,188,46,28,5,0.9078984638439009,0.7841961041482027,0.07746800108787728,1,jmstate,0.3708520382642746
0.7240900894006093,188,46,28,5,0.9035126764078962,0.7841961041482027,0.07437990434515312,1,jmstate,0.3708520382642746
0.7594138945142428,188,46,28,5,0.898688310228291,0.7841961041482027,0.07195804464733711,1,jmstate,0.3708520382642746
0.7947376996278763,188,46,28,5,0.9022835876565439,0.7841961041482027,0.07019512084550619,1,jmstate,0.3708520382642746
0.8300615047415097,188,46,28,5,0.8965355634010465,0.7792830492462144,0.07056421974473119,1,jmstate,0.3708520382642746
0.8653853098551432,188,46,28,5,0.9120552288908895,0.7852175566008319,0.061583856724317834,1,jmstate,0.3708520382642746
0.9007091149687767,188,46,28,5,0.9410781476002064,0.7887519944040037,0.0575260310208904,1,jmstate,0.3708520382642746
0.9360329200824101,188,46,28,6,1.0,0.8330893914335509,0.0712606705937501,1,jmstate,0.3708520382642746
0.9713567251960437,188,46,28,6,1.0,0.8325322611486894,0.06725372548951698,1,jmstate,0.3708520382642746
1.006680530309677,188,46,28,6,1.0,0.8325322611486894,0.06408227380602141,1,jmstate,0.3708520382642746
1.0420043354233106,188,46,28,6,1.0,0.8359460836097861,0.06180318711779134,1,jmstate,0.3708520382642746
1.077328140536944,188,46,28,6,1.0,0.8359460836097861,0.06089673775985159,1,jmstate,0.3708520382642746
1.1126519456505775,188,46,28,6,1.0,0.8319751308638276,0.06077851387026686,1,jmstate,0.3708520382642746
1.147975750764211,188,46,28,6,0.9999999999999999,0.8277501716135339,0.060460001957966504,1,jmstate,0.3708520382642746
1.1832995558778445,188,46,28,6,0.9999999999999999,0.8311639940746306,0.06352060867924882,1,jmstate,0.3708520382642746
1.218623360991478,188,46,28,6,0.9999999999999999,0.8311639940746306,0.06768541774179934,1,jmstate,0.3708520382642746
1.2539471661051116,188,46,28,6,0.9999999999999999,0.8311639940746306,0.07702378726066418,1,jmstate,0.3708520382642746
1.289270971218745,188,46,28,6,1.0,0.8311639940746306,0.09211880648704904,1,jmstate,0.3708520382642746
1.3245947763323784,188,46,28,6,1.0,0.8393743532620304,0.06849643521567585,1,jmstate,0.3708520382642746
1.3599185814460117,188,46,28,6,1.0,0.8475847124494301,0.0471346213434324,1,jmstate,0.3708520382642746
1.3952423865596453,188,46,28,6,1.0,0.8441708899883333,0.05283330830810498,1,jmstate,0.3708520382642746
1.4305661916732788,188,46,28,6,,,,1,jmstate,0.3708520382642746
0.6562853505214056,127,29,17,0,,,,1,jmstate,0.6295860111713409
0.6829846898714701,127,29,17,1,0.875,0.8076923076923077,0.037617033836143836,1,jmstate,0.6295860111713409
0.7096840292215347,127,29,17,1,0.8636363636363636,0.8076923076923077,0.03695942193315158,1,jmstate,0.6295860111713409
0.7363833685715994,127,29,17,1,0.85,0.8076923076923077,0.03673672671065315,1,jmstate,0.6295860111713409
0.7630827079216639,127,29,17,1,0.8999999999999999,0.8461538461538461,0.03704163980208521,1,jmstate,0.6295860111713409
0.7897820472717285,127,29,17,1,0.8947368421052632,0.8461538461538461,0.03839141747894502,1,jmstate,0.6295860111713409
0.8164813866217931,127,29,17,1,0.888888888888889,0.8461538461538461,0.040723239055995425,1,jmstate,0.6295860111713409
0.8431807259718577,127,29,17,1,0.875,0.8461538461538461,0.04372204830217523,1,jmstate,0.6295860111713409
0.8698800653219223,127,29,17,1,0.9285714285714286,0.8461538461538461,0.03056659149055822,1,jmstate,0.6295860111713409
0.8965794046719868,127,29,17,1,0.9999999999999999,0.8846153846153847,0.0283495346728673,1,jmstate,0.6295860111713409
0.9232787440220515,127,29,17,1,1.0,0.8846153846153847,0.02198232174550473,1,jmstate,0.6295860111713409
0.9499780833721161,127,29,17,2,1.0,0.9392161731288534,0.06487588143934238,1,jmstate,0.6295860111713409
0.9766774227221807,127,29,17,2,1.0,0.9392161731288534,0.06122277496395728,1,jmstate,0.6295860111713409
1.0033767620722454,127,29,17,2,1.0,0.9392161731288534,0.057769004022392725,1,jmstate,0.6295860111713409
1.0300761014223099,127,29,17,2,1.0,0.9392161731288534,0.05451407790970856,1,jmstate,0.6295860111713409
1.0567754407723744,127,29,17,2,1.0,0.9392161731288534,0.051687822022001374,1,jmstate,0.6295860111713409
1.083474780122439,127,29,17,2,1.0,0.9392161731288534,0.04908096171915644,1,jmstate,0.6295860111713409
1.1101741194725037,127,29,17,2,1.0,0.9392161731288534,0.0468779326539246,1,jmstate,0.6295860111713409
1.1368734588225682,127,29,17,2,0.9999999999999999,0.9392161731288534,0.044781717526704325,1,jmstate,0.6295860111713409
1.1635727981726327,127,29,17,2,0.9999999999999999,0.9392161731288534,0.04346371648990731,1,jmstate,0.6295860111713409
1.1902721375226974,127,29,17,2,0.9999999999999999,0.9392161731288534,0.04303678392507189,1,jmstate,0.6295860111713409
1.216971476872762,127,29,17,2,0.9999999999999999,0.9392161731288534,0.04260765161299257,1,jmstate,0.6295860111713409
1.2436708162228265,127,29,17,2,0.9999999999999999,0.9392161731288534,0.04396398033336924,1,jmstate,0.6295860111713409
1.2703701555728912,127,29,17,2,1.0,0.9392161731288534,0.0374582011145351,1,jmstate,0.6295860111713409
1.297069494922956,127,29,17,2,1.0,0.9392161731288534,0.03447602523585115,1,jmstate,0.6295860111713409
1.3237688342730205,127,29,17,2,1.0,0.9392161731288534,0.03377609827624677,1,jmstate,0.6295860111713409
1.350468173623085,127,29,17,2,1.0,0.9392161731288534,0.03328311704482865,1,jmstate,0.6295860111713409
1.3771675129731498,127,29,17,2,1.0,0.9392161731288534,0.033076961030295185,1,jmstate,0.6295860111713409
1.403866852323214,127,29,17,2,1.0,0.9392161731288534,0.040422403081076745,1,jmstate,0.6295860111713409
1.4305661916732788,127,29,17,2,,,,1,jmstate,0.6295860111713409
0.9060640305280685,65,13,10,0,,,,1,jmstate,0.8879777491092682
0.9241503119468689,65,13,10,0,,,,1,jmstate,0.8879777491092682
0.9422365933656692,65,13,10,1,1.0,1.0,0.07736831536670061,1,jmstate,0.8879777491092682
0.9603228747844696,65,13,10,1,1.0,1.0,0.07526884342176623,1,jmstate,0.8879777491092682
0.97840915620327,65,13,10,1,1.0,1.0,0.07319385495408698,1,jmstate,0.8879777491092682
0.9964954376220703,65,13,10,1,1.0,1.0,0.07115580419759346,1,jmstate,0.8879777491092682
1.0145817190408706,65,13,10,1,1.0,1.0,0.06916732069154469,1,jmstate,0.8879777491092682
1.032668000459671,65,13,10,1,1.0,1.0,0.06724610846779751,1,jmstate,0.8879777491092682
1.0507542818784714,65,13,10,1,1.0,1.0,0.06538218402158581,1,jmstate,0.8879777491092682
1.0688405632972717,65,13,10,1,1.0,1.0,0.063577492160164,1,jmstate,0.8879777491092682
1.086926844716072,65,13,10,1,1.0,1.0,0.0618890579697188,1,jmstate,0.8879777491092682
1.1050131261348723,65,13,10,1,1.0,1.0,0.060247070721881874,1,jmstate,0.8879777491092682
1.1230994075536729,65,13,10,1,1.0,1.0,0.05861512906632774,1,jmstate,0.8879777491092682
1.1411856889724732,65,13,10,1,1.0,1.0,0.057080921599628645,1,jmstate,0.8879777491092682
1.1592719703912735,65,13,10,1,1.0,1.0,0.055675313646664934,1,jmstate,0.8879777491092682
1.1773582518100738,65,13,10,1,1.0,1.0,0.05453818081335057,1,jmstate,0.8879777491092682
1.1954445332288741,65,13,10,1,1.0,1.0,0.05338331563903363,1,jmstate,0.8879777491092682
1.2135308146476746,65,13,10,1,1.0,1.0,0.05235669413542192,1,jmstate,0.8879777491092682
1.231617096066475,65,13,10,1,1.0,1.0,0.05168458182981296,1,jmstate,0.8879777491092682
1.2497033774852753,65,13,10,1,1.0,1.0,0.05102784054938187,1,jmstate,0.8879777491092682
1.2677896589040756,65,13,10,1,1.0,1.0,0.047856009772251934,1,jmstate,0.8879777491092682
1.2858759403228759,65,13,10,1,1.0,1.0,0.04704826252179816,1,jmstate,0.8879777491092682
1.3039622217416764,65,13,10,1,1.0,1.0,0.04435821622559529,1,jmstate,0.8879777491092682
1.3220485031604767,65,13,10,1,1.0,1.0,0.04318055595978912,1,jmstate,0.8879777491092682
1.340134784579277,65,13,10,1,1.0,1.0,0.04343835445953204,1,jmstate,0.8879777491092682
1.3582210659980773,65,13,10,1,1.0,1.0,0.0410159839425115,1,jmstate,0.8879777491092682
1.3763073474168777,65,13,10,1,1.0,1.0,0.04011290444967154,1,jmstate,0.8879777491092682
1.3943936288356782,65,13,10,1,1.0,1.0,0.039810099086882426,1,jmstate,0.8879777491092682
1.4124799102544785,65,13,10,1,1.0,1.0,0.0364890492585043,1,jmstate,0.8879777491092682
1.4305661916732788,65,13,10,1,,,,1,jmstate,0.8879777491092682
0.4061758433779081,185,49,26,1,0.6956521739130435,0.6808510638297872,0.020464884467466624,2,jmstate,0.3708520382642746
0.44149964849154155,185,49,26,2,0.8014926105955713,0.7861019540599556,0.039672510533803405,2,jmstate,0.3708520382642746
0.47682345360517503,185,49,26,2,0.8155155227162956,0.7861019540599556,0.04014789511647195,2,jmstate,0.3708520382642746
0.5121472587188085,185,49,26,2,0.8349325589714455,0.7973446627890872,0.041271732956964756,2,jmstate,0.3708520382642746
0.5474710638324419,185,49,26,2,0.8259127443838005,0.7973446627890872,0.044433990024839304,2,jmstate,0.3708520382642746
0.5827948689460755,185,49,26,3,0.9076418710062781,0.8604917638497889,0.05166091159046786,2,jmstate,0.3708520382642746
0.6181186740597089,185,49,26,3,0.9048431398246501,0.8604917638497889,0.05222058837322037,2,jmstate,0.3708520382642746
0.6534424791733424,185,49,26,3,0.9331194879441705,0.8604917638497889,0.04263576063518357,2,jmstate,0.3708520382642746
0.6887662842869758,185,49,26,3,0.9262008142832227,0.8604917638497889,0.04423807973363342,2,jmstate,0.3708520382642746
0.7240900894006093,185,49,26,3,0.9262008142832227,0.8604917638497889,0.04800635560667358,2,jmstate,0.3708520382642746
0.7594138945142428,185,49,26,3,0.9207342079338318,0.8604917638497889,0.05299728250075178,2,jmstate,0.3708520382642746
0.7947376996278763,185,49,26,3,0.9266225239158901,0.8604917638497889,0.0502771625062101,2,jmstate,0.3708520382642746
0.8300615047415097,185,49,26,3,0.9363042742325434,0.8604917638497889,0.050279853120959755,2,jmstate,0.3708520382642746
0.8653853098551432,185,49,26,4,0.6840483634906431,0.6068864523793989,0.09926608920030086,2,jmstate,0.3708520382642746
0.9007091149687767,185,49,26,5,0.6416391500498436,0.5572272243687574,0.15733768072054752,2,jmstate,0.3708520382642746
0.9360329200824101,185,49,26,6,0.6933759442753928,0.6358635616670132,0.20320488813092524,2,jmstate,0.3708520382642746
0.9713567251960437,185,49,26,7,0.7718398669431477,0.7159182394896093,0.18998604143475553,2,jmstate,0.3708520382642746
1.006680530309677,185,49,26,7,0.7718398669431477,0.7159182394896093,0.20000231458099707,2,jmstate,0.3708520382642746
1.0420043354233106,185,49,26,8,0.8286912019396359,0.7618481190102001,0.22618272242889872,2,jmstate,0.3708520382642746
1.077328140536944,185,49,26,8,0.8491665038823366,0.7618481190102001,0.22113558982083104,2,jmstate,0.3708520382642746
1.1126519456505775,185,49,26,8,0.8623926634150682,0.7670255822379703,0.22748864158472815,2,jmstate,0.3708520382642746
1.147975750764211,185,49,26,8,0.8623926634150682,0.7670255822379703,0.23434916679159246,2,jmstate,0.3708520382642746
1.1832995558778445,185,49,26,8,0.8623926634150682,0.7670255822379703,0.24988621711980877,2,jmstate,0.3708520382642746
1.218623360991478,185,49,26,8,0.8230762815336592,0.7594052766934491,0.24973265329271846,2,jmstate,0.3708520382642746
1.2539471661051116,185,49,26,8,0.7935889951226023,0.7583832050170077,0.2659605465179993,2,jmstate,0.3708520382642746
1.289270971218745,185,49,26,8,0.8682761715987413,0.7583832050170077,0.15780017067201862,2,jmstate,0.3708520382642746
1.3245947763323784,185,49,26,8,0.8682761715987413,0.7583832050170077,0.16177136589196794,2,jmstate,0.3708520382642746
1.3599185814460117,185,49,26,8,0.7365523431974825,0.7475356047314855,0.18529661216455237,2,jmstate,0.3708520382642746
1.3952423865596453,185,49,26,8,0.7365523431974825,0.7475356047314855,0.1368637489679787,2,jmstate,0.3708520382642746
1.4305661916732788,185,49,26,8,,,,2,jmstate,0.3708520382642746
0.6562853505214056,124,32,14,0,,,,2,jmstate,0.6295860111713409
0.6829846898714701,124,32,14,0,,,,2,jmstate,0.6295860111713409
0.7096840292215347,124,32,14,0,,,,2,jmstate,0.6295860111713409
0.7363833685715994,124,32,14,0,,,,2,jmstate,0.6295860111713409
0.7630827079216639,124,32,14,0,,,,2,jmstate,0.6295860111713409
0.7897820472717285,124,32,14,0,,,,2,jmstate,0.6295860111713409
0.8164813866217931,124,32,14,0,,,,2,jmstate,0.6295860111713409
0.8431807259718577,124,32,14,0,,,,2,jmstate,0.6295860111713409
0.8698800653219223,124,32,14,1,0.4545454545454546,0.4782608695652174,0.10715359057545373,2,jmstate,0.6295860111713409
0.8965794046719868,124,32,14,2,0.3978814961933135,0.4137167988950893,0.18247038700610824,2,jmstate,0.6295860111713409
0.9232787440220515,124,32,14,2,0.4397637589505044,0.4137167988950893,0.19150905457276668,2,jmstate,0.6295860111713409
0.9499780833721161,124,32,14,4,0.724088176133832,0.6813949816737167,0.27816289588924137,2,jmstate,0.6295860111713409
0.9766774227221807,124,32,14,4,0.7188260692093448,0.689624303335986,0.28367100796523903,2,jmstate,0.6295860111713409
1.0033767620722454,124,32,14,4,0.7188260692093448,0.689624303335986,0.2943825588237681,2,jmstate,0.6295860111713409
1.0300761014223099,124,32,14,5,0.8180442856246009,0.7501712710198153,0.33628843264732633,2,jmstate,0.6295860111713409
1.0567754407723744,124,32,14,5,0.8163372230268049,0.7501712710198153,0.33860712781191943,2,jmstate,0.6295860111713409
1.083474780122439,124,32,14,5,0.8310820884267488,0.7501712710198153,0.335034973735275,2,jmstate,0.6295860111713409
1.1101741194725037,124,32,14,5,0.8310820884267488,0.7501712710198153,0.3371720484422541,2,jmstate,0.6295860111713409
1.1368734588225682,124,32,14,5,0.8310820884267488,0.7501712710198153,0.341411493924078,2,jmstate,0.6295860111713409
1.1635727981726327,124,32,14,5,0.8310820884267488,0.7501712710198153,0.34841082629897,2,jmstate,0.6295860111713409
1.1902721375226974,124,32,14,5,0.8099673494800924,0.7562060221823953,0.35869835973130315,2,jmstate,0.6295860111713409
1.216971476872762,124,32,14,5,0.8075941710324515,0.7562060221823953,0.35208854532172756,2,jmstate,0.6295860111713409
1.2436708162228265,124,32,14,5,0.7755265328711933,0.7562060221823953,0.3670800938167872,2,jmstate,0.6295860111713409
1.2703701555728912,124,32,14,5,0.9306318394454319,0.7473239411861737,0.17576418832328175,2,jmstate,0.6295860111713409
1.297069494922956,124,32,14,5,0.9132897993067899,0.7473239411861737,0.17106088091729593,2,jmstate,0.6295860111713409
1.3237688342730205,124,32,14,5,0.9132897993067899,0.7473239411861737,0.16643577681568605,2,jmstate,0.6295860111713409
1.350468173623085,124,32,14,5,0.82657959861358,0.7473239411861737,0.1637639532432662,2,jmstate,0.6295860111713409
1.3771675129731498,124,32,14,5,0.82657959861358,0.7473239411861737,0.15961828782994014,2,jmstate,0.6295860111713409
1.403866852323214,124,32,14,5,0.82657959861358,0.7473239411861737,0.1535447502009817,2,jmstate,0.6295860111713409
1.4305661916732788,124,32,14,5,,,,2,jmstate,0.6295860111713409
0.9060640305280685,56,22,7,1,0.6315789473684211,0.5714285714285714,0.047508958490037466,2,jmstate,0.8879777491092682
0.9241503119468689,56,22,7,1,0.6315789473684211,0.5714285714285714,0.05375118420766318,2,jmstate,0.8879777491092682
0.9422365933656692,56,22,7,2,0.7104199323488161,0.6727920109008448,0.11252828920559935,2,jmstate,0.8879777491092682
0.9603228747844696,56,22,7,3,0.8196835614786226,0.7628648459949255,0.16730594377508418,2,jmstate,0.8879777491092682
0.97840915620327,56,22,7,3,0.8076624655771976,0.7628648459949255,0.17503353568182822,2,jmstate,0.8879777491092682
0.9964954376220703,56,22,7,3,0.8076624655771976,0.7628648459949255,0.18304294996267273,2,jmstate,0.8879777491092682
1.0145817190408706,56,22,7,3,0.8399910407387945,0.7628648459949255,0.18882493809877055,2,jmstate,0.8879777491092682
1.032668000459671,56,22,7,4,0.8906959257464141,0.8104906795191901,0.24445952273407726,2,jmstate,0.8879777491092682
1.0507542818784714,56,22,7,4,0.8906959257464141,0.8104906795191901,0.24674508390622954,2,jmstate,0.8879777491092682
1.0688405632972717,56,22,7,4,0.8797655183210555,0.7958091388673325,0.24352049919910057,2,jmstate,0.8879777491092682
1.086926844716072,56,22,7,4,0.888888888888889,0.7958091388673325,0.24523280027531155,2,jmstate,0.8879777491092682
1.1050131261348723,56,22,7,4,0.888888888888889,0.7958091388673325,0.24417047200618872,2,jmstate,0.8879777491092682
1.1230994075536729,56,22,7,4,0.888888888888889,0.7958091388673325,0.24729521129607968,2,jmstate,0.8879777491092682
1.1411856889724732,56,22,7,4,0.888888888888889,0.7958091388673325,0.2424686935069071,2,jmstate,0.8879777491092682
1.1592719703912735,56,22,7,4,0.888888888888889,0.7958091388673325,0.24217323425408166,2,jmstate,0.8879777491092682
1.1773582518100738,56,22,7,4,0.888888888888889,0.7958091388673325,0.25417451970016885,2,jmstate,0.8879777491092682
1.1954445332288741,56,22,7,4,0.875,0.7958091388673325,0.24939311782115386,2,jmstate,0.8879777491092682
1.2135308146476746,56,22,7,4,0.8571428571428571,0.7958091388673325,0.24448740625520451,2,jmstate,0.8879777491092682
1.231617096066475,56,22,7,4,0.8333333333333334,0.7811275982154751,0.24683921562426472,2,jmstate,0.8879777491092682
1.2497033774852753,56,22,7,4,0.8333333333333334,0.7811275982154751,0.25019573090307107,2,jmstate,0.8879777491092682
1.2677896589040756,56,22,7,4,1.0,0.7811275982154751,0.11326113272593222,2,jmstate,0.8879777491092682
1.2858759403228759,56,22,7,4,1.0,0.7811275982154751,0.10911471549772407,2,jmstate,0.8879777491092682
1.3039622217416764,56,22,7,4,1.0,0.7811275982154751,0.10513042490854704,2,jmstate,0.8879777491092682
1.3220485031604767,56,22,7,4,1.0,0.7811275982154751,0.10130957253915819,2,jmstate,0.8879777491092682
1.340134784579277,56,22,7,4,1.0,0.7811275982154751,0.09775497439372413,2,jmstate,0.8879777491092682
1.3582210659980773,56,22,7,4,1.0,0.7811275982154751,0.09426902512340934,2,jmstate,0.8879777491092682
1.3763073474168777,56,22,7,4,1.0,0.7811275982154751,0.09090434759212838,2,jmstate,0.8879777491092682
1.3943936288356782,56,22,7,4,1.0,0.7811275982154751,0.08727353805037125,2,jmstate,0.8879777491092682
1.4124799102544785,56,22,7,4,1.0,0.7811275982154751,0.08476749632467402,2,jmstate,0.8879777491092682
1.4305661916732788,56,22,7,4,,,,2,jmstate,0.8879777491092682
0.4061758433779081,187,47,28,1,0.9782608695652174,0.9782608695652175,0.01757624643851549,3,jmstate,0.3708520382642746
0.44149964849154155,187,47,28,1,0.9782608695652174,0.9782608695652175,0.017805385674353736,3,jmstate,0.3708520382642746
0.47682345360517503,187,47,28,1,0.9777777777777779,0.9782608695652175,0.02125204338053992,3,jmstate,0.3708520382642746
0.5121472587188085,187,47,28,1,0.9772727272727272,0.9782608695652175,0.02904743330151804,3,jmstate,0.3708520382642746
0.5474710638324419,187,47,28,2,1.0,0.9903841655544195,0.02912142089519252,3,jmstate,0.3708520382642746
0.5827948689460755,187,47,28,2,1.0,0.9903841655544195,0.04012993594988235,3,jmstate,0.3708520382642746
0.6181186740597089,187,47,28,2,1.0,0.9903841655544195,0.05439100649916346,3,jmstate,0.3708520382642746
0.6534424791733424,187,47,28,4,0.9751506386796397,0.9564485838250444,0.04764036277748931,3,jmstate,0.3708520382642746
0.6887662842869758,187,47,28,4,0.9735975535971171,0.9564485838250444,0.06015947427851523,3,jmstate,0.3708520382642746
0.7240900894006093,187,47,28,5,0.73212604981045,0.7159058023122677,0.10768610844826892,3,jmstate,0.3708520382642746
0.7594138945142428,187,47,28,5,0.7387060689896849,0.7159058023122677,0.1009760207531818,3,jmstate,0.3708520382642746
0.7947376996278763,187,47,28,5,0.735048571990129,0.7159058023122677,0.07285891823096083,3,jmstate,0.3708520382642746
0.8300615047415097,187,47,28,5,0.7345489940312424,0.7159058023122677,0.07158664128929791,3,jmstate,0.3708520382642746
0.8653853098551432,187,47,28,5,0.7345489940312424,0.7159058023122677,0.07880323536051217,3,jmstate,0.3708520382642746
0.9007091149687767,187,47,28,5,0.7450401311678589,0.7159058023122677,0.0519611802441969,3,jmstate,0.3708520382642746
0.9360329200824101,187,47,28,5,0.7620374557566684,0.7245917087717498,0.055870549679268744,3,jmstate,0.3708520382642746
0.9713567251960437,187,47,28,5,0.7646524287703315,0.7245917087717498,0.05943663992151772,3,jmstate,0.3708520382642746
1.006680530309677,187,47,28,5,0.7705361180510732,0.7218022924547106,0.0616182939655237,3,jmstate,0.3708520382642746
1.0420043354233106,187,47,28,5,0.7733690054825414,0.7218022924547106,0.06858736990283654,3,jmstate,0.3708520382642746
1.077328140536944,187,47,28,5,0.745040131167859,0.7159195936455692,0.078667620440345,3,jmstate,0.3708520382642746
1.1126519456505775,187,47,28,5,0.7450401311678589,0.7159195936455692,0.086525824511056,3,jmstate,0.3708520382642746
1.147975750764211,187,47,28,5,0.745040131167859,0.7159195936455692,0.07062540581526634,3,jmstate,0.3708520382642746
1.1832995558778445,187,47,28,5,0.745040131167859,0.710036894836428,0.06267333749983274,3,jmstate,0.3708520382642746
1.218623360991478,187,47,28,5,0.745040131167859,0.710036894836428,0.06892785523796917,3,jmstate,0.3708520382642746
1.2539471661051116,187,47,28,5,0.745040131167859,0.7072474785193886,0.07603055474943039,3,jmstate,0.3708520382642746
1.289270971218745,187,47,28,5,0.745040131167859,0.7072474785193886,0.08046270578248738,3,jmstate,0.3708520382642746
1.3245947763323784,187,47,28,5,0.745040131167859,0.7072474785193886,0.09275783008991619,3,jmstate,0.3708520382642746
1.3599185814460117,187,47,28,5,0.745040131167859,0.7072474785193886,0.1543641385419064,3,jmstate,0.3708520382642746
1.3952423865596453,187,47,28,6,0.18656650962751228,0.32186853827855044,0.49846721583828,3,jmstate,0.3708520382642746
1.4305661916732788,187,47,28,6,,,,3,jmstate,0.3708520382642746
0.6562853505214056,119,37,16,1,1.0,1.0,0.022542418439713257,3,jmstate,0.6295860111713409
0.6829846898714701,119,37,16,1,1.0,1.0,0.017994012453014317,3,jmstate,0.6295860111713409
0.7096840292215347,119,37,16,2,0.4842791492999894,0.48210128714928185,0.04864597673425882,3,jmstate,0.6295860111713409
0.7363833685715994,119,37,16,2,0.4862550912566946,0.48210128714928185,0.045804239836844694,3,jmstate,0.6295860111713409
0.7630827079216639,119,37,16,2,0.48701506893235036,0.48210128714928185,0.046694120227224044,3,jmstate,0.6295860111713409
0.7897820472717285,119,37,16,2,0.490745868431024,0.48210128714928185,0.03991567722041187,3,jmstate,0.6295860111713409
0.8164813866217931,119,37,16,2,0.4664956716896443,0.48210128714928185,0.04104370132611662,3,jmstate,0.6295860111713409
0.8431807259718577,119,37,16,2,0.46649567168964434,0.48210128714928185,0.040039226526388555,3,jmstate,0.6295860111713409
0.8698800653219223,119,37,16,2,0.46649567168964434,0.48210128714928185,0.04254920555755176,3,jmstate,0.6295860111713409
0.8965794046719868,119,37,16,2,0.4664956716896443,0.48210128714928185,0.03449272288693815,3,jmstate,0.6295860111713409
0.9232787440220515,119,37,16,2,0.46649567168964434,0.48210128714928185,0.035278761157133465,3,jmstate,0.6295860111713409
0.9499780833721161,119,37,16,2,0.4664956716896443,0.48210128714928185,0.036144309713269804,3,jmstate,0.6295860111713409
0.9766774227221807,119,37,16,2,0.46649567168964434,0.48210128714928185,0.03712078059169306,3,jmstate,0.6295860111713409
1.0033767620722454,119,37,16,2,0.46649567168964423,0.48210128714928185,0.038032511406579046,3,jmstate,0.6295860111713409
1.0300761014223099,119,37,16,2,0.4664956716896443,0.48210128714928185,0.03963778659726492,3,jmstate,0.6295860111713409
1.0567754407723744,119,37,16,2,0.46649567168964434,0.48210128714928185,0.04231643414750109,3,jmstate,0.6295860111713409
1.083474780122439,119,37,16,2,0.46649567168964434,0.48210128714928185,0.0451930161960523,3,jmstate,0.6295860111713409
1.1101741194725037,119,37,16,2,0.46649567168964434,0.48210128714928185,0.04785880051362312,3,jmstate,0.6295860111713409
1.1368734588225682,119,37,16,2,0.46649567168964434,0.48210128714928185,0.052202541341005014,3,jmstate,0.6295860111713409
1.1635727981726327,119,37,16,2,0.4664956716896443,0.48210128714928185,0.04554960152990526,3,jmstate,0.6295860111713409
1.1902721375226974,119,37,16,2,0.4664956716896443,0.46844708977151467,0.0468242302220699,3,jmstate,0.6295860111713409
1.216971476872762,119,37,16,2,0.4664956716896443,0.46844708977151467,0.04990000482533681,3,jmstate,0.6295860111713409
1.2436708162228265,119,37,16,2,0.4664956716896443,0.46844708977151467,0.054339814375113635,3,jmstate,0.6295860111713409
1.2703701555728912,119,37,16,2,0.4664956716896443,0.46844708977151467,0.060558042860379725,3,jmstate,0.6295860111713409
1.297069494922956,119,37,16,2,0.4664956716896443,0.46844708977151467,0.062092899957417964,3,jmstate,0.6295860111713409
1.3237688342730205,119,37,16,2,0.4664956716896443,0.46844708977151467,0.06877703639661976,3,jmstate,0.6295860111713409
1.350468173623085,119,37,16,2,0.4664956716896443,0.46844708977151467,0.1109287072346333,3,jmstate,0.6295860111713409
1.3771675129731498,119,37,16,2,0.4664956716896443,0.46844708977151467,0.1200347850617383,3,jmstate,0.6295860111713409
1.403866852323214,119,37,16,3,,,,3,jmstate,0.6295860111713409
1.4305661916732788,119,37,16,3,,,,3,jmstate,0.6295860111713409
0.9060640305280685,62,16,10,0,,,,3,jmstate,0.8879777491092682
0.9241503119468689,62,16,10,0,,,,3,jmstate,0.8879777491092682
0.9422365933656692,62,16,10,0,,,,3,jmstate,0.8879777491092682
0.9603228747844696,62,16,10,0,,,,3,jmstate,0.8879777491092682
0.97840915620327,62,16,10,0,,,,3,jmstate,0.8879777491092682
0.9964954376220703,62,16,10,0,,,,3,jmstate,0.8879777491092682
1.0145817190408706,62,16,10,0,,,,3,jmstate,0.8879777491092682
1.032668000459671,62,16,10,0,,,,3,jmstate,0.8879777491092682
1.0507542818784714,62,16,10,0,,,,3,jmstate,0.8879777491092682
1.0688405632972717,62,16,10,0,,,,3,jmstate,0.8879777491092682
1.086926844716072,62,16,10,0,,,,3,jmstate,0.8879777491092682
1.1050131261348723,62,16,10,0,,,,3,jmstate,0.8879777491092682
1.1230994075536729,62,16,10,0,,,,3,jmstate,0.8879777491092682
1.1411856889724732,62,16,10,0,,,,3,jmstate,0.8879777491092682
1.1592719703912735,62,16,10,0,,,,3,jmstate,0.8879777491092682
1.1773582518100738,62,16,10,0,,,,3,jmstate,0.8879777491092682
1.1954445332288741,62,16,10,0,,,,3,jmstate,0.8879777491092682
1.2135308146476746,62,16,10,0,,,,3,jmstate,0.8879777491092682
1.231617096066475,62,16,10,0,,,,3,jmstate,0.8879777491092682
1.2497033774852753,62,16,10,0,,,,3,jmstate,0.8879777491092682
1.2677896589040756,62,16,10,0,,,,3,jmstate,0.8879777491092682
1.2858759403228759,62,16,10,0,,,,3,jmstate,0.8879777491092682
1.3039622217416764,62,16,10,0,,,,3,jmstate,0.8879777491092682
1.3220485031604767,62,16,10,0,,,,3,jmstate,0.8879777491092682
1.340134784579277,62,16,10,0,,,,3,jmstate,0.8879777491092682
1.3582210659980773,62,16,10,0,,,,3,jmstate,0.8879777491092682
1.3763073474168777,62,16,10,0,,,,3,jmstate,0.8879777491092682
1.3943936288356782,62,16,10,1,0.0,0.0,0.4427540247706659,3,jmstate,0.8879777491092682
1.4124799102544785,62,16,10,1,,,,3,jmstate,0.8879777491092682
1.4305661916732788,62,16,10,1,,,,3,jmstate,0.8879777491092682
0.4061758433779081,189,45,29,0,,,,4,jmstate,0.3708520382642746
0.44149964849154155,189,45,29,0,,,,4,jmstate,0.3708520382642746
0.47682345360517503,189,45,29,0,,,,4,jmstate,0.3708520382642746
0.5121472587188085,189,45,29,0,,,,4,jmstate,0.3708520382642746
0.5474710638324419,189,45,29,0,,,,4,jmstate,0.3708520382642746
0.5827948689460755,189,45,29,1,0.28125,0.3055555555555556,0.04983929914687355,4,jmstate,0.3708520382642746
0.6181186740597089,189,45,29,1,0.25806451612903225,0.3055555555555556,0.060357953019631455,4,jmstate,0.3708520382642746
0.6534424791733424,189,45,29,1,0.25,0.3333333333333333,0.05299769713046487,4,jmstate,0.3708520382642746
0.6887662842869758,189,45,29,1,0.33333333333333337,0.38888888888888895,0.04047374642478133,4,jmstate,0.3708520382642746
0.7240900894006093,189,45,29,1,0.35,0.38888888888888895,0.04665974281990896,4,jmstate,0.3708520382642746
0.7594138945142428,189,45,29,1,0.4,0.4166666666666667,0.05513451315138546,4,jmstate,0.3708520382642746
0.7947376996278763,189,45,29,1,0.4,0.4166666666666667,0.06857828528071953,4,jmstate,0.3708520382642746
0.8300615047415097,189,45,29,1,0.3529411764705882,0.4166666666666667,0.08136573719635176,4,jmstate,0.3708520382642746
0.8653853098551432,189,45,29,2,0.6779313953120324,0.6189312636660452,0.11043771314284011,4,jmstate,0.3708520382642746
0.9007091149687767,189,45,29,3,0.6943926272803028,0.6606866674845675,0.157835931894513,4,jmstate,0.3708520382642746
0.9360329200824101,189,45,29,3,0.6943926272803028,0.6606866674845675,0.1785362002522342,4,jmstate,0.3708520382642746
0.9713567251960437,189,45,29,3,0.6617427028016989,0.6606866674845675,0.19579860898207246,4,jmstate,0.3708520382642746
1.006680530309677,189,45,29,3,0.6341753044911554,0.6862314405455116,0.21813674640791447,4,jmstate,0.3708520382642746
1.0420043354233106,189,45,29,3,0.6179076329564115,0.6785773459470155,0.23822801079965084,4,jmstate,0.3708520382642746
1.077328140536944,189,45,29,4,0.5540399307532546,0.6544486818668084,0.29394197703054425,4,jmstate,0.3708520382642746
1.1126519456505775,189,45,29,4,0.5540399307532546,0.6544486818668084,0.3268238688005059,4,jmstate,0.3708520382642746
1.147975750764211,189,45,29,5,0.7098299886116721,0.7099378682592536,0.269590550290061,4,jmstate,0.3708520382642746
1.1832995558778445,189,45,29,5,0.6517959863340066,0.7099378682592536,0.2920677761759807,4,jmstate,0.3708520382642746
1.218623360991478,189,45,29,5,0.6357140259637002,0.7070358201374167,0.3211259924873576,4,jmstate,0.3708520382642746
1.2539471661051116,189,45,29,5,0.5647449829175082,0.7070358201374167,0.3351669466388708,4,jmstate,0.3708520382642746
1.289270971218745,189,45,29,5,0.4196599772233443,0.7070358201374167,0.42326008853453834,4,jmstate,0.3708520382642746
1.3245947763323784,189,45,29,5,0.4196599772233443,0.7070358201374167,0.49572523562675425,4,jmstate,0.3708520382642746
1.3599185814460117,189,45,29,5,0.0,0.7070358201374167,0.4046967317246955,4,jmstate,0.3708520382642746
1.3952423865596453,189,45,29,5,0.0,0.7070358201374167,0.45668813942481823,4,jmstate,0.3708520382642746
1.4305661916732788,189,45,29,5,,,,4,jmstate,0.3708520382642746
0.6562853505214056,127,29,15,0,,,,4,jmstate,0.6295860111713409
0.6829846898714701,127,29,15,0,,,,4,jmstate,0.6295860111713409
0.7096840292215347,127,29,15,0,,,,4,jmstate,0.6295860111713409
0.7363833685715994,127,29,15,0,,,,4,jmstate,0.6295860111713409
0.7630827079216639,127,29,15,0,,,,4,jmstate,0.6295860111713409
0.7897820472717285,127,29,15,0,,,,4,jmstate,0.6295860111713409
0.8164813866217931,127,29,15,0,,,,4,jmstate,0.6295860111713409
0.8431807259718577,127,29,15,0,,,,4,jmstate,0.6295860111713409
0.8698800653219223,127,29,15,2,0.7084942084942085,0.7215276421176011,0.08980090616774325,4,jmstate,0.6295860111713409
0.8965794046719868,127,29,15,2,0.7084942084942085,0.7215276421176011,0.09630931303894386,4,jmstate,0.6295860111713409
0.9232787440220515,127,29,15,2,0.7084942084942085,0.7215276421176011,0.10706372310363188,4,jmstate,0.6295860111713409
0.9499780833721161,127,29,15,2,0.7084942084942085,0.7215276421176011,0.12005914768129347,4,jmstate,0.6295860111713409
0.9766774227221807,127,29,15,2,0.7027027027027027,0.7215276421176011,0.13032426048094845,4,jmstate,0.6295860111713409
1.0033767620722454,127,29,15,2,0.6945945945945946,0.7215276421176011,0.1319514183079588,4,jmstate,0.6295860111713409
1.0300761014223099,127,29,15,2,0.7432432432432432,0.7531744481344014,0.14933149926912312,4,jmstate,0.6295860111713409
1.0567754407723744,127,29,15,2,0.7717717717717718,0.7531744481344014,0.1705769580128797,4,jmstate,0.6295860111713409
1.083474780122439,127,29,15,3,0.7828165284092518,0.7514896612636219,0.2208913334882436,4,jmstate,0.6295860111713409
1.1101741194725037,127,29,15,3,0.7828165284092518,0.7680363602226222,0.23746784058050424,4,jmstate,0.6295860111713409
1.1368734588225682,127,29,15,4,0.8585557342037207,0.7906541414231605,0.2387359824411533,4,jmstate,0.6295860111713409
1.1635727981726327,127,29,15,4,0.8585557342037207,0.7906541414231605,0.24812744836363596,4,jmstate,0.6295860111713409
1.1902721375226974,127,29,15,4,0.8302668810444649,0.7906541414231605,0.26033503969766825,4,jmstate,0.6295860111713409
1.216971476872762,127,29,15,4,0.8302668810444649,0.7906541414231605,0.2670951842228758,4,jmstate,0.6295860111713409
1.2436708162228265,127,29,15,4,0.787833601305581,0.7906541414231605,0.2807137397740116,4,jmstate,0.6295860111713409
1.2703701555728912,127,29,15,4,0.787833601305581,0.7906541414231605,0.3044332253785888,4,jmstate,0.6295860111713409
1.297069494922956,127,29,15,4,0.7171114684074414,0.7906541414231605,0.3567757816294196,4,jmstate,0.6295860111713409
1.3237688342730205,127,29,15,4,0.7171114684074414,0.7906541414231605,0.381041645419172,4,jmstate,0.6295860111713409
1.350468173623085,127,29,15,4,0.15133440522232403,0.7906541414231605,0.48823092139665014,4,jmstate,0.6295860111713409
1.3771675129731498,127,29,15,4,0.15133440522232403,0.7906541414231605,0.4852503726715073,4,jmstate,0.6295860111713409
1.403866852323214,127,29,15,4,0.15133440522232403,0.7906541414231605,0.7881899739567743,4,jmstate,0.6295860111713409
1.4305661916732788,127,29,15,4,,,,4,jmstate,0.6295860111713409
0.9060640305280685,64,14,9,0,,,,4,jmstate,0.8879777491092682
0.9241503119468689,64,14,9,0,,,,4,jmstate,0.8879777491092682
0.9422365933656692,64,14,9,0,,,,4,jmstate,0.8879777491092682
0.9603228747844696,64,14,9,0,,,,4,jmstate,0.8879777491092682
0.97840915620327,64,14,9,0,,,,4,jmstate,0.8879777491092682
0.9964954376220703,64,14,9,0,,,,4,jmstate,0.8879777491092682
1.0145817190408706,64,14,9,0,,,,4,jmstate,0.8879777491092682
1.032668000459671,64,14,9,0,,,,4,jmstate,0.8879777491092682
1.0507542818784714,64,14,9,0,,,,4,jmstate,0.8879777491092682
1.0688405632972717,64,14,9,1,0.875,0.875,0.1163877778982553,4,jmstate,0.8879777491092682
1.086926844716072,64,14,9,1,0.8571428571428571,0.875,0.12336786074431184,4,jmstate,0.8879777491092682
1.1050131261348723,64,14,9,1,0.8571428571428571,0.875,0.13096174746870254,4,jmstate,0.8879777491092682
1.1230994075536729,64,14,9,2,0.8333333333333334,0.8541820873427091,0.2142509308724739,4,jmstate,0.8879777491092682
1.1411856889724732,64,14,9,2,0.8333333333333334,0.8541820873427091,0.21516421725589036,4,jmstate,0.8879777491092682
1.1592719703912735,64,14,9,2,0.8333333333333334,0.7916358253145818,0.21991631320499258,4,jmstate,0.8879777491092682
1.1773582518100738,64,14,9,2,0.8,0.7916358253145818,0.23057130761324512,4,jmstate,0.8879777491092682
1.1954445332288741,64,14,9,2,0.8,0.7916358253145818,0.23890166070127575,4,jmstate,0.8879777491092682
1.2135308146476746,64,14,9,2,0.8,0.7916358253145818,0.24868012887426816,4,jmstate,0.8879777491092682
1.231617096066475,64,14,9,2,0.75,0.7916358253145818,0.2584642540503214,4,jmstate,0.8879777491092682
1.2497033774852753,64,14,9,2,0.75,0.7916358253145818,0.27100903064885745,4,jmstate,0.8879777491092682
1.2677896589040756,64,14,9,2,0.75,0.7916358253145818,0.2974766729696054,4,jmstate,0.8879777491092682
1.2858759403228759,64,14,9,2,0.6666666666666667,0.7916358253145818,0.3012872927892447,4,jmstate,0.8879777491092682
1.3039622217416764,64,14,9,2,0.6666666666666667,0.7916358253145818,0.3568890653916292,4,jmstate,0.8879777491092682
1.3220485031604767,64,14,9,2,0.6666666666666667,0.7916358253145818,0.3854661017454078,4,jmstate,0.8879777491092682
1.340134784579277,64,14,9,2,0.0,0.7916358253145818,0.42013911493815775,4,jmstate,0.8879777491092682
1.3582210659980773,64,14,9,2,0.0,0.7916358253145818,0.5118275859204029,4,jmstate,0.8879777491092682
1.3763073474168777,64,14,9,2,0.0,0.7916358253145818,0.5139918122196067,4,jmstate,0.8879777491092682
1.3943936288356782,64,14,9,2,0.0,0.7916358253145818,0.5809861593556702,4,jmstate,0.8879777491092682
1.4124799102544785,64,14,9,2,,,,4,jmstate,0.8879777491092682
1.4305661916732788,64,14,9,2,,,,4,jmstate,0.8879777491092682
0.4061758433779081,187,47,25,2,0.883720930232558,0.8681318681318682,0.037952724491516696,5,jmstate,0.3708520382642746
0.44149964849154155,187,47,25,2,0.8902439024390244,0.8681318681318682,0.040109217707129434,5,jmstate,0.3708520382642746
0.47682345360517503,187,47,25,4,0.9123917861486033,0.9008993361381953,0.06650976291326131,5,jmstate,0.3708520382642746
0.5121472587188085,187,47,25,4,0.9300835506945376,0.9230769230769231,0.07128635052462838,5,jmstate,0.3708520382642746
0.5474710638324419,187,47,25,4,0.9492717639287153,0.928621319811605,0.07105135761353568,5,jmstate,0.3708520382642746
0.5827948689460755,187,47,25,4,0.9682189945313548,0.928621319811605,0.05466194449160695,5,jmstate,0.3708520382642746
0.6181186740597089,187,47,25,4,0.9649313043104605,0.928621319811605,0.05874906933859213,5,jmstate,0.3708520382642746
0.6534424791733424,187,47,25,4,0.9636788508929769,0.928621319811605,0.06986697162979462,5,jmstate,0.3708520382642746
0.6887662842869758,187,47,25,4,0.9904260708333955,0.928621319811605,0.05454639058935919,5,jmstate,0.3708520382642746
0.7240900894006093,187,47,25,5,0.9006647019031204,0.8737264150709743,0.07760432585124304,5,jmstate,0.3708520382642746
0.7594138945142428,187,47,25,5,0.9006647019031205,0.8777869702901983,0.09104808104191953,5,jmstate,0.3708520382642746
0.7947376996278763,187,47,25,5,0.9050223487777608,0.8777869702901983,0.09342620737758976,5,jmstate,0.3708520382642746
0.8300615047415097,187,47,25,5,0.8944692764197342,0.8818475255094222,0.10845667020250209,5,jmstate,0.3708520382642746
0.8653853098551432,187,47,25,6,0.6701222837305008,0.7057738707903185,0.16864975210066785,5,jmstate,0.3708520382642746
0.9007091149687767,187,47,25,6,0.709468283560363,0.725556214253166,0.17965556015149217,5,jmstate,0.3708520382642746
0.9360329200824101,187,47,25,6,0.6944049901958551,0.7220653869950308,0.19180361860343606,5,jmstate,0.3708520382642746
0.9713567251960437,187,47,25,7,0.6692082399664979,0.676560000121142,0.22503708253770816,5,jmstate,0.3708520382642746
1.006680530309677,187,47,25,8,0.7105644950137918,0.7230050994736434,0.20216723666725064,5,jmstate,0.3708520382642746
1.0420043354233106,187,47,25,8,0.7105644950137918,0.7230050994736434,0.2171998882491347,5,jmstate,0.3708520382642746
1.077328140536944,187,47,25,9,0.8208738933403873,0.7668317841921142,0.1367459776126165,5,jmstate,0.3708520382642746
1.1126519456505775,187,47,25,9,0.7795097403993849,0.764302947333384,0.137382584039622,5,jmstate,0.3708520382642746
1.147975750764211,187,47,25,9,0.7795097403993849,0.764302947333384,0.1432993181311174,5,jmstate,0.3708520382642746
1.1832995558778445,187,47,25,9,0.7795097403993849,0.7741131208247615,0.1542038752819141,5,jmstate,0.3708520382642746
1.218623360991478,187,47,25,9,0.7795097403993849,0.7741131208247615,0.16526736766989467,5,jmstate,0.3708520382642746
1.2539471661051116,187,47,25,9,0.7795097403993849,0.7741131208247615,0.1853583340100631,5,jmstate,0.3708520382642746
1.289270971218745,187,47,25,9,0.7795097403993849,0.7741131208247615,0.23582315759918399,5,jmstate,0.3708520382642746
1.3245947763323784,187,47,25,9,0.7795097403993849,0.7822374030769855,0.2755678122563721,5,jmstate,0.3708520382642746
1.3599185814460117,187,47,25,9,0.7278045492231319,0.7822374030769855,0.4153289242785857,5,jmstate,0.3708520382642746
1.3952423865596453,187,47,25,9,0.7278045492231319,0.7822374030769855,0.4934921308445669,5,jmstate,0.3708520382642746
1.4305661916732788,187,47,25,9,,,,5,jmstate,0.3708520382642746
0.6562853505214056,127,29,14,0,,,,5,jmstate,0.6295860111713409
0.6829846898714701,127,29,14,0,,,,5,jmstate,0.6295860111713409
0.7096840292215347,127,29,14,0,,,,5,jmstate,0.6295860111713409
0.7363833685715994,127,29,14,1,0.8181818181818182,0.8333333333333334,0.05645130326181019,5,jmstate,0.6295860111713409
0.7630827079216639,127,29,14,1,0.8181818181818182,0.8333333333333334,0.06589979194719661,5,jmstate,0.6295860111713409
0.7897820472717285,127,29,14,1,0.8500000000000001,0.8333333333333334,0.07201865997849877,5,jmstate,0.6295860111713409
0.8164813866217931,127,29,14,1,0.8333333333333334,0.8333333333333334,0.08139566205344037,5,jmstate,0.6295860111713409
0.8431807259718577,127,29,14,2,0.48833388103844905,0.5019237758644461,0.14372869234460975,5,jmstate,0.6295860111713409
0.8698800653219223,127,29,14,2,0.5007980845969674,0.5019237758644461,0.1498635657963789,5,jmstate,0.6295860111713409
0.8965794046719868,127,29,14,2,0.5062311989686292,0.5345214372548285,0.15958613608957783,5,jmstate,0.6295860111713409
0.9232787440220515,127,29,14,2,0.5200609446419503,0.5671190986452107,0.16970812427844287,5,jmstate,0.6295860111713409
0.9499780833721161,127,29,14,3,0.5945112435300954,0.5790857918906455,0.243532228981693,5,jmstate,0.6295860111713409
0.9766774227221807,127,29,14,3,0.5438251489713574,0.5790857918906455,0.2584481414780492,5,jmstate,0.6295860111713409
1.0033767620722454,127,29,14,4,0.7021272908137811,0.6545196299786298,0.24609393934144427,5,jmstate,0.6295860111713409
1.0300761014223099,127,29,14,4,0.7326435381667021,0.6847378893249731,0.2537469563424989,5,jmstate,0.6295860111713409
1.0567754407723744,127,29,14,5,0.8773910429118321,0.7564138958874387,0.16012900628806626,5,jmstate,0.6295860111713409
1.083474780122439,127,29,14,5,0.8773910429118321,0.7564138958874387,0.1644003135831502,5,jmstate,0.6295860111713409
1.1101741194725037,127,29,14,5,0.8467388036397903,0.7564138958874387,0.1684772177306595,5,jmstate,0.6295860111713409
1.1368734588225682,127,29,14,5,0.795651738186387,0.7564138958874387,0.17317997212095845,5,jmstate,0.6295860111713409
1.1635727981726327,127,29,14,5,0.795651738186387,0.7564138958874387,0.18212645985135237,5,jmstate,0.6295860111713409
1.1902721375226974,127,29,14,5,0.795651738186387,0.7564138958874387,0.1971927691793491,5,jmstate,0.6295860111713409
1.216971476872762,127,29,14,5,0.795651738186387,0.7564138958874387,0.20647582627357716,5,jmstate,0.6295860111713409
1.2436708162228265,127,29,14,5,0.795651738186387,0.7564138958874387,0.2295200457643392,5,jmstate,0.6295860111713409
1.2703701555728912,127,29,14,5,0.795651738186387,0.7564138958874387,0.25154473492605967,5,jmstate,0.6295860111713409
1.297069494922956,127,29,14,5,0.8457399005548739,0.7747406603230743,0.30907933615332733,5,jmstate,0.6295860111713409
1.3237688342730205,127,29,14,5,0.8457399005548739,0.7747406603230743,0.3350745685759879,5,jmstate,0.6295860111713409
1.350468173623085,127,29,14,5,0.7686098508323107,0.7747406603230743,0.5274080201196981,5,jmstate,0.6295860111713409
1.3771675129731498,127,29,14,5,0.7686098508323107,0.7747406603230743,0.538498813549387,5,jmstate,0.6295860111713409
1.403866852323214,127,29,14,5,0.5372197016646215,0.7747406603230743,0.7363636835263868,5,jmstate,0.6295860111713409
1.4305661916732788,127,29,14,5,,,,5,jmstate,0.6295860111713409
0.9060640305280685,65,13,8,0,,,,5,jmstate,0.8879777491092682
0.9241503119468689,65,13,8,0,,,,5,jmstate,0.8879777491092682
0.9422365933656692,65,13,8,1,0.7,0.7000000000000001,0.10973831650163304,5,jmstate,0.8879777491092682
0.9603228747844696,65,13,8,1,0.6666666666666667,0.7000000000000001,0.12541465595453702,5,jmstate,0.8879777491092682
0.97840915620327,65,13,8,1,0.625,0.7000000000000001,0.1448131412953732,5,jmstate,0.8879777491092682
0.9964954376220703,65,13,8,1,0.625,0.7000000000000001,0.16572477949695494,5,jmstate,0.8879777491092682
1.0145817190408706,65,13,8,2,0.7924681109536343,0.7794620949924245,0.2243705252841886,5,jmstate,0.8879777491092682
1.032668000459671,65,13,8,2,0.7924681109536343,0.7794620949924245,0.23640077746129298,5,jmstate,0.8879777491092682
1.0507542818784714,65,13,8,2,0.7578794627792401,0.7794620949924245,0.23959744752608356,5,jmstate,0.8879777491092682
1.0688405632972717,65,13,8,3,0.9459240242586598,0.8575770704934748,0.1151269105859051,5,jmstate,0.8879777491092682
1.086926844716072,65,13,8,3,0.9324050303233248,0.8575770704934748,0.11117221808126178,5,jmstate,0.8879777491092682
1.1050131261348723,65,13,8,3,0.9324050303233248,0.8575770704934748,0.10839961784835438,5,jmstate,0.8879777491092682
1.1230994075536729,65,13,8,3,0.909873373764433,0.8575770704934748,0.1069631751048262,5,jmstate,0.8879777491092682
1.1411856889724732,65,13,8,3,0.909873373764433,0.8575770704934748,0.10622001823491452,5,jmstate,0.8879777491092682
1.1592719703912735,65,13,8,3,0.909873373764433,0.8575770704934748,0.107548342433597,5,jmstate,0.8879777491092682
1.1773582518100738,65,13,8,3,0.909873373764433,0.8575770704934748,0.11321543261328454,5,jmstate,0.8879777491092682
1.1954445332288741,65,13,8,3,0.909873373764433,0.8575770704934748,0.11807081637714259,5,jmstate,0.8879777491092682
1.2135308146476746,65,13,8,3,0.909873373764433,0.8575770704934748,0.12443868941505253,5,jmstate,0.8879777491092682
1.231617096066475,65,13,8,3,0.909873373764433,0.8575770704934748,0.13566205800400966,5,jmstate,0.8879777491092682
1.2497033774852753,65,13,8,3,0.909873373764433,0.8575770704934748,0.14594329092311836,5,jmstate,0.8879777491092682
1.2677896589040756,65,13,8,3,0.909873373764433,0.8575770704934748,0.1637441010287506,5,jmstate,0.8879777491092682
1.2858759403228759,65,13,8,3,0.909873373764433,0.8575770704934748,0.1791681925415388,5,jmstate,0.8879777491092682
1.3039622217416764,65,13,8,3,0.909873373764433,0.8575770704934748,0.21867715747266955,5,jmstate,0.8879777491092682
1.3220485031604767,65,13,8,3,0.909873373764433,0.8575770704934748,0.24501205544420698,5,jmstate,0.8879777491092682
1.340134784579277,65,13,8,3,0.8648100606466496,0.8575770704934748,0.3257406711394131,5,jmstate,0.8879777491092682
1.3582210659980773,65,13,8,3,0.8648100606466496,0.8575770704934748,0.42630792234543474,5,jmstate,0.8879777491092682
1.3763073474168777,65,13,8,3,0.8648100606466496,0.8575770704934748,0.44785094668930064,5,jmstate,0.8879777491092682
1.3943936288356782,65,13,8,3,0.8648100606466496,0.8575770704934748,0.5387803434816643,5,jmstate,0.8879777491092682
1.4124799102544785,65,13,8,3,0.7296201212932991,0.8575770704934748,1.3164291843636102,5,jmstate,0.8879777491092682
1.4305661916732788,65,13,8,3,,,,5,jmstate,0.8879777491092682
0.406175843377908,188,46,28,0,,,,1,jmbayes2,0.370852038264275
0.441499648491542,188,46,28,1,0.5853658536585366,0.5581395348837209,0.027332584294108227,1,jmbayes2,0.370852038264275
0.476823453605175,188,46,28,2,0.7671672866501974,0.7454760574463899,0.046967202436134434,1,jmbayes2,0.370852038264275
0.512147258718809,188,46,28,3,0.8373414921950977,0.7936122760818711,0.05924273012131298,1,jmbayes2,0.370852038264275
0.547471063832442,188,46,28,4,0.9130794654036714,0.8236141903127355,0.06647042054387148,1,jmbayes2,0.370852038264275
0.582794868946075,188,46,28,4,0.9150615801453961,0.8236141903127355,0.06380949799123338,1,jmbayes2,0.370852038264275
0.618118674059709,188,46,28,4,0.9085667256426282,0.8226774839369544,0.06266008095027856,1,jmbayes2,0.370852038264275
0.653442479173342,188,46,28,4,0.9137043453507979,0.8226774839369544,0.0639414431065559,1,jmbayes2,0.370852038264275
0.688766284286976,188,46,28,5,0.8751440376453299,0.7631902881843989,0.07821843599411858,1,jmbayes2,0.370852038264275
0.724090089400609,188,46,28,5,0.869198515628441,0.7679284116253211,0.07678104997142655,1,jmbayes2,0.370852038264275
0.759413894514243,188,46,28,5,0.8760253600724615,0.7589665418318191,0.07616818743562653,1,jmbayes2,0.370852038264275
0.794737699627876,188,46,28,5,0.8771025319278444,0.7691247955390167,0.07670123032856585,1,jmbayes2,0.370852038264275
0.83006150474151,188,46,28,5,0.8698732691000706,0.7691247955390167,0.07937578057607053,1,jmbayes2,0.370852038264275
0.865385309855143,188,46,28,5,0.8818379620164501,0.7649010491864366,0.0754082045000994,1,jmbayes2,0.370852038264275
0.9007091149687771,188,46,28,5,0.9044344929714104,0.7649010491864366,0.057679042687980936,1,jmbayes2,0.370852038264275
0.93603292008241,188,46,28,6,1.0,0.8250204197493509,0.0747293063294506,1,jmbayes2,0.370852038264275
0.971356725196044,188,46,28,6,1.0,0.8292453789996448,0.07143278908916685,1,jmbayes2,0.370852038264275
1.00668053030968,188,46,28,6,1.0,0.8359316364186388,0.06865270679688057,1,jmbayes2,0.370852038264275
1.04200433542331,188,46,28,6,1.0,0.8319606836726803,0.06641484425921698,1,jmbayes2,0.370852038264275
1.07732814053694,188,46,28,6,1.0,0.8319606836726803,0.06514181911153762,1,jmbayes2,0.370852038264275
1.11265194565058,188,46,28,6,1.0,0.8319606836726803,0.06427855708543219,1,jmbayes2,0.370852038264275
1.14797575076421,188,46,28,6,0.9999999999999999,0.8319606836726803,0.06274385337623711,1,jmbayes2,0.370852038264275
1.18329955587784,188,46,28,6,0.9999999999999999,0.8319606836726803,0.06377201302664877,1,jmbayes2,0.370852038264275
1.21862336099148,188,46,28,6,0.9999999999999999,0.8319606836726803,0.06543325612103401,1,jmbayes2,0.370852038264275
1.25394716610511,188,46,28,6,0.9999999999999999,0.84017104286008,0.07053353636785256,1,jmbayes2,0.370852038264275
1.28927097121874,188,46,28,6,1.0,0.84017104286008,0.07952022454001692,1,jmbayes2,0.370852038264275
1.32459477633238,188,46,28,6,1.0,0.84017104286008,0.06280376368403398,1,jmbayes2,0.370852038264275
1.35991858144601,188,46,28,6,1.0,0.8362000901141216,0.05636167945536903,1,jmbayes2,0.370852038264275
1.39524238655965,188,46,28,6,1.0,0.8362000901141216,0.061668949597499606,1,jmbayes2,0.370852038264275
1.43056619167328,188,46,28,6,,,,1,jmbayes2,0.370852038264275
0.656285350521406,127,29,17,0,,,,1,jmbayes2,0.629586011171341
0.68298468987147,127,29,17,1,0.875,0.8076923076923077,0.037165601055157614,1,jmbayes2,0.629586011171341
0.709684029221535,127,29,17,1,0.9545454545454546,0.8846153846153847,0.03632208431600933,1,jmbayes2,0.629586011171341
0.736383368571599,127,29,17,1,0.95,0.8846153846153847,0.03593316074543933,1,jmbayes2,0.629586011171341
0.763082707921664,127,29,17,1,0.95,0.8846153846153847,0.036022618456936925,1,jmbayes2,0.629586011171341
0.789782047271729,127,29,17,1,0.9473684210526316,0.8846153846153847,0.03691979680126762,1,jmbayes2,0.629586011171341
0.816481386621793,127,29,17,1,0.9444444444444444,0.8846153846153847,0.03858864132102575,1,jmbayes2,0.629586011171341
0.843180725971858,127,29,17,1,0.9375,0.8846153846153847,0.04068884572608503,1,jmbayes2,0.629586011171341
0.869880065321922,127,29,17,1,1.0,0.8846153846153847,0.028516836340041363,1,jmbayes2,0.629586011171341
0.896579404671987,127,29,17,1,1.0,0.8846153846153847,0.027594428310778473,1,jmbayes2,0.629586011171341
0.923278744022051,127,29,17,1,1.0,0.8846153846153847,0.023007768143758187,1,jmbayes2,0.629586011171341
0.949978083372116,127,29,17,2,1.0,0.9392161731288534,0.05804073066409005,1,jmbayes2,0.629586011171341
0.976677422722181,127,29,17,2,1.0,0.9392161731288534,0.054371024537757544,1,jmbayes2,0.629586011171341
1.00337676207225,127,29,17,2,1.0,0.9392161731288534,0.050934460034111353,1,jmbayes2,0.629586011171341
1.03007610142231,127,29,17,2,1.0,0.9392161731288534,0.047671373895784526,1,jmbayes2,0.629586011171341
1.05677544077237,127,29,17,2,1.0,0.9392161731288534,0.04484759259167224,1,jmbayes2,0.629586011171341
1.08347478012244,127,29,17,2,1.0,0.9392161731288534,0.042275684698127564,1,jmbayes2,0.629586011171341
1.1101741194725,127,29,17,2,1.0,0.9392161731288534,0.04010088300082076,1,jmbayes2,0.629586011171341
1.13687345882257,127,29,17,2,1.0,0.9392161731288534,0.0379997397979383,1,jmbayes2,0.629586011171341
1.16357279817263,127,29,17,2,1.0,0.9392161731288534,0.036661899729677,1,jmbayes2,0.629586011171341
1.1902721375227,127,29,17,2,1.0,0.9392161731288534,0.03624175015186514,1,jmbayes2,0.629586011171341
1.21697147687276,127,29,17,2,1.0,0.9392161731288534,0.035695198795979585,1,jmbayes2,0.629586011171341
1.24367081622283,127,29,17,2,1.0,0.9392161731288534,0.03704394723229765,1,jmbayes2,0.629586011171341
1.27037015557289,127,29,17,2,1.0,0.9392161731288534,0.03093040188774431,1,jmbayes2,0.629586011171341
1.29706949492296,127,29,17,2,1.0,0.9392161731288534,0.02729221576337815,1,jmbayes2,0.629586011171341
1.32376883427302,127,29,17,2,1.0,0.9392161731288534,0.026501584341752628,1,jmbayes2,0.629586011171341
1.35046817362309,127,29,17,2,1.0,0.9392161731288534,0.025033119766294288,1,jmbayes2,0.629586011171341
1.37716751297315,127,29,17,2,1.0,0.9392161731288534,0.024606546509028868,1,jmbayes2,0.629586011171341
1.40386685232321,127,29,17,2,1.0,0.9392161731288534,0.030833451969958355,1,jmbayes2,0.629586011171341
1.43056619167328,127,29,17,2,,,,1,jmbayes2,0.629586011171341
0.906064030528068,65,13,10,0,,,,1,jmbayes2,0.887977749109268
0.924150311946869,65,13,10,0,,,,1,jmbayes2,0.887977749109268
0.942236593365669,65,13,10,1,1.0,1.0,0.07707977331742917,1,jmbayes2,0.887977749109268
0.96032287478447,65,13,10,1,1.0,1.0,0.07505926386359692,1,jmbayes2,0.887977749109268
0.97840915620327,65,13,10,1,1.0,1.0,0.07309683591461125,1,jmbayes2,0.887977749109268
0.99649543762207,65,13,10,1,1.0,1.0,0.07119394201038444,1,jmbayes2,0.887977749109268
1.01458171904087,65,13,10,1,1.0,1.0,0.06936123758734522,1,jmbayes2,0.887977749109268
1.03266800045967,65,13,10,1,1.0,1.0,0.06761363235282969,1,jmbayes2,0.887977749109268
1.05075428187847,65,13,10,1,1.0,1.0,0.06579401008336162,1,jmbayes2,0.887977749109268
1.06884056329727,65,13,10,1,1.0,1.0,0.06416446458410424,1,jmbayes2,0.887977749109268
1.08692684471607,65,13,10,1,1.0,1.0,0.06267882532811178,1,jmbayes2,0.887977749109268
1.10501312613487,65,13,10,1,1.0,1.0,0.06122662684470902,1,jmbayes2,0.887977749109268
1.12309940755367,65,13,10,1,1.0,1.0,0.05976368468323707,1,jmbayes2,0.887977749109268
1.14118568897247,65,13,10,1,1.0,1.0,0.05840265844514336,1,jmbayes2,0.887977749109268
1.15927197039127,65,13,10,1,1.0,1.0,0.05725055159345909,1,jmbayes2,0.887977749109268
1.17735825181007,65,13,10,1,1.0,1.0,0.056391711932200037,1,jmbayes2,0.887977749109268
1.19544453322887,65,13,10,1,1.0,1.0,0.05547694155107759,1,jmbayes2,0.887977749109268
1.21353081464767,65,13,10,1,1.0,1.0,0.054685895808831174,1,jmbayes2,0.887977749109268
1.23161709606647,65,13,10,1,1.0,1.0,0.05435582868931058,1,jmbayes2,0.887977749109268
1.24970337748528,65,13,10,1,1.0,1.0,0.05400810992118374,1,jmbayes2,0.887977749109268
1.26778965890408,65,13,10,1,1.0,1.0,0.05056575767823771,1,jmbayes2,0.887977749109268
1.28587594032288,65,13,10,1,1.0,1.0,0.050038691814279584,1,jmbayes2,0.887977749109268
1.30396222174168,65,13,10,1,1.0,1.0,0.047319177479626995,1,jmbayes2,0.887977749109268
1.32204850316048,65,13,10,1,1.0,1.0,0.04629870784289162,1,jmbayes2,0.887977749109268
1.34013478457928,65,13,10,1,1.0,1.0,0.04726031302916468,1,jmbayes2,0.887977749109268
1.35822106599808,65,13,10,1,1.0,1.0,0.0449833409258612,1,jmbayes2,0.887977749109268
1.37630734741688,65,13,10,1,1.0,1.0,0.044360315779218125,1,jmbayes2,0.887977749109268
1.39439362883568,65,13,10,1,1.0,1.0,0.0446449838687948,1,jmbayes2,0.887977749109268
1.41247991025448,65,13,10,1,1.0,1.0,0.040412014257446324,1,jmbayes2,0.887977749109268
1.43056619167328,65,13,10,1,,,,1,jmbayes2,0.887977749109268
0.406175843377908,185,49,26,1,0.7391304347826088,0.723404255319149,0.02063257782160017,2,jmbayes2,0.370852038264275
0.441499648491542,185,49,26,2,0.8346393676044582,0.8183692630950055,0.03991478634733005,2,jmbayes2,0.370852038264275
0.476823453605175,185,49,26,2,0.8502039893535028,0.8296119718241372,0.04092008743092127,2,jmbayes2,0.370852038264275
0.512147258718809,185,49,26,2,0.8704469414809671,0.8296119718241372,0.042090476837013446,2,jmbayes2,0.370852038264275
0.547471063832442,185,49,26,2,0.8662263677729872,0.8296119718241372,0.045467153239850074,2,jmbayes2,0.370852038264275
0.582794868946075,185,49,26,3,0.9346188842724951,0.88067366416654,0.05128795513638344,2,jmbayes2,0.370852038264275
0.618118674059709,185,49,26,3,0.9326376383413586,0.88067366416654,0.051441790819211144,2,jmbayes2,0.370852038264275
0.653442479173342,185,49,26,3,0.9522282056744076,0.8739463640609564,0.047574956287178505,2,jmbayes2,0.370852038264275
0.688766284286976,185,49,26,3,0.9342491305256978,0.8636590951547315,0.0506921176140362,2,jmbayes2,0.370852038264275
0.724090089400609,185,49,26,3,0.9367435550999051,0.8672190639553726,0.05590930714221469,2,jmbayes2,0.370852038264275
0.759413894514243,185,49,26,3,0.9180550111689424,0.8569317950491478,0.06125675538505662,2,jmbayes2,0.370852038264275
0.794737699627876,185,49,26,3,0.9237289914098097,0.8394498042913742,0.057057267196685364,2,jmbayes2,0.370852038264275
0.83006150474151,185,49,26,3,0.907376752719368,0.8183330604826929,0.05338605528049651,2,jmbayes2,0.370852038264275
0.865385309855143,185,49,26,4,0.6656114090670703,0.5839523963969511,0.10237963180969772,2,jmbayes2,0.370852038264275
0.9007091149687771,185,49,26,5,0.5921558626862199,0.5068205339855659,0.16463339349743603,2,jmbayes2,0.370852038264275
0.93603292008241,185,49,26,6,0.6320614749054445,0.5829714640128257,0.22079623279841698,2,jmbayes2,0.370852038264275
0.971356725196044,185,49,26,7,0.7279018967110891,0.6768245575635539,0.19736834645010454,2,jmbayes2,0.370852038264275
1.00668053030968,185,49,26,7,0.715424153509157,0.6736569994101376,0.20565628556897111,2,jmbayes2,0.370852038264275
1.04200433542331,185,49,26,8,0.7955905100967903,0.7292559642258719,0.2263074042400027,2,jmbayes2,0.370852038264275
1.07732814053694,185,49,26,8,0.8331207015481218,0.7101898623695748,0.2135021104967471,2,jmbayes2,0.370852038264275
1.11265194565058,185,49,26,8,0.8331207015481218,0.7153673255973448,0.21799025639949296,2,jmbayes2,0.370852038264275
1.14797575076421,185,49,26,8,0.8331207015481218,0.7163229960233473,0.22354573669819564,2,jmbayes2,0.370852038264275
1.18329955587784,185,49,26,8,0.8331207015481218,0.7059419040676844,0.23622842332900065,2,jmbayes2,0.370852038264275
1.21862336099148,185,49,26,8,0.8230762815336591,0.7111193672954547,0.23597918557658834,2,jmbayes2,0.370852038264275
1.25394716610511,185,49,26,8,0.7935889951226023,0.7111193672954547,0.25010259967053333,2,jmbayes2,0.370852038264275
1.28927097121874,185,49,26,8,0.8682761715987413,0.7125807616890023,0.1719972774786083,2,jmbayes2,0.370852038264275
1.32459477633238,185,49,26,8,0.8682761715987413,0.7125807616890023,0.17633435625072405,2,jmbayes2,0.370852038264275
1.35991858144601,185,49,26,8,0.7365523431974825,0.7115586900125611,0.1995186587818949,2,jmbayes2,0.370852038264275
1.39524238655965,185,49,26,8,0.7365523431974825,0.7130200844061088,0.14459752540918808,2,jmbayes2,0.370852038264275
1.43056619167328,185,49,26,8,,,,2,jmbayes2,0.370852038264275
0.656285350521406,124,32,14,0,,,,2,jmbayes2,0.629586011171341
0.68298468987147,124,32,14,0,,,,2,jmbayes2,0.629586011171341
0.709684029221535,124,32,14,0,,,,2,jmbayes2,0.629586011171341
0.736383368571599,124,32,14,0,,,,2,jmbayes2,0.629586011171341
0.763082707921664,124,32,14,0,,,,2,jmbayes2,0.629586011171341
0.789782047271729,124,32,14,0,,,,2,jmbayes2,0.629586011171341
0.816481386621793,124,32,14,0,,,,2,jmbayes2,0.629586011171341
0.843180725971858,124,32,14,0,,,,2,jmbayes2,0.629586011171341
0.869880065321922,124,32,14,1,0.6818181818181819,0.6956521739130435,0.10826423086057183,2,jmbayes2,0.629586011171341
0.896579404671987,124,32,14,2,0.5622546933371163,0.5698239635481259,0.1825399207928902,2,jmbayes2,0.629586011171341
0.923278744022051,124,32,14,2,0.6214393978989181,0.5698239635481259,0.18825153814183945,2,jmbayes2,0.629586011171341
0.949978083372116,124,32,14,4,0.8058295558888526,0.7424192426795574,0.27785665651656466,2,jmbayes2,0.629586011171341
0.976677422722181,124,32,14,4,0.7928848596147762,0.7424192426795574,0.2827134603190339,2,jmbayes2,0.629586011171341
1.00337676207225,124,32,14,4,0.7928848596147762,0.7424192426795574,0.292635084620536,2,jmbayes2,0.629586011171341
1.03007610142231,124,32,14,5,0.8733115663200617,0.7888870163336397,0.3345426728294164,2,jmbayes2,0.629586011171341
1.05677544077237,124,32,14,5,0.882657959861358,0.7949217674962197,0.3357820178096651,2,jmbayes2,0.629586011171341
1.08347478012244,124,32,14,5,0.8888888888888888,0.7949217674962197,0.33111699194879074,2,jmbayes2,0.629586011171341
1.1101741194725,124,32,14,5,0.8888888888888888,0.7949217674962197,0.33222076631605113,2,jmbayes2,0.629586011171341
1.13687345882257,124,32,14,5,0.8888888888888888,0.7949217674962197,0.33552187323079546,2,jmbayes2,0.629586011171341
1.16357279817263,124,32,14,5,0.8888888888888888,0.7949217674962197,0.34153261878587343,2,jmbayes2,0.629586011171341
1.1902721375227,124,32,14,5,0.875,0.7949217674962197,0.35079957175481635,2,jmbayes2,0.629586011171341
1.21697147687276,124,32,14,5,0.8571428571428572,0.7949217674962197,0.343631866199968,2,jmbayes2,0.629586011171341
1.24367081622283,124,32,14,5,0.8333333333333333,0.8009565186587997,0.3574729124283637,2,jmbayes2,0.629586011171341
1.27037015557289,124,32,14,5,1.0,0.8009565186587997,0.16535632523163418,2,jmbayes2,0.629586011171341
1.29706949492296,124,32,14,5,1.0,0.8009565186587997,0.15928753463614306,2,jmbayes2,0.629586011171341
1.32376883427302,124,32,14,5,1.0,0.8009565186587997,0.15360263897193843,2,jmbayes2,0.629586011171341
1.35046817362309,124,32,14,5,1.0,0.8009565186587997,0.14871061524483314,2,jmbayes2,0.629586011171341
1.37716751297315,124,32,14,5,1.0,0.7920744376625781,0.1435664460800934,2,jmbayes2,0.629586011171341
1.40386685232321,124,32,14,5,1.0,0.7920744376625781,0.13822024519102644,2,jmbayes2,0.629586011171341
1.43056619167328,124,32,14,5,,,,2,jmbayes2,0.629586011171341
0.906064030528068,56,22,7,1,0.6315789473684211,0.5714285714285714,0.04943240562448517,2,jmbayes2,0.887977749109268
0.924150311946869,56,22,7,1,0.736842105263158,0.6666666666666666,0.0629737871456254,2,jmbayes2,0.887977749109268
0.942236593365669,56,22,7,2,0.7375629073508787,0.6954374574904918,0.12333302019993692,2,jmbayes2,0.887977749109268
0.96032287478447,56,22,7,3,0.8382831815714888,0.7778046710684156,0.17820284925809654,2,jmbayes2,0.887977749109268
0.97840915620327,56,22,7,3,0.8275020603429214,0.7778046710684156,0.18581069055154653,2,jmbayes2,0.887977749109268
0.99649543762207,56,22,7,3,0.8275020603429214,0.7778046710684156,0.18914475702624942,2,jmbayes2,0.887977749109268
1.01458171904087,56,22,7,3,0.8612477494163558,0.7778046710684156,0.19368131284823056,2,jmbayes2,0.887977749109268
1.03266800045967,56,22,7,4,0.8906959257464141,0.8208042809321014,0.2500149190471741,2,jmbayes2,0.887977749109268
1.05075428187847,56,22,7,4,0.8906959257464141,0.8208042809321014,0.25128330438181695,2,jmbayes2,0.887977749109268
1.06884056329727,56,22,7,4,0.8797655183210555,0.8208042809321014,0.2471097287493926,2,jmbayes2,0.887977749109268
1.08692684471607,56,22,7,4,0.888888888888889,0.8208042809321014,0.24919052512633508,2,jmbayes2,0.887977749109268
1.10501312613487,56,22,7,4,0.888888888888889,0.806122740280244,0.24834815775000257,2,jmbayes2,0.887977749109268
1.12309940755367,56,22,7,4,0.888888888888889,0.806122740280244,0.25218741757078034,2,jmbayes2,0.887977749109268
1.14118568897247,56,22,7,4,0.888888888888889,0.806122740280244,0.24805533266707291,2,jmbayes2,0.887977749109268
1.15927197039127,56,22,7,4,0.888888888888889,0.806122740280244,0.2478960099146252,2,jmbayes2,0.887977749109268
1.17735825181007,56,22,7,4,0.888888888888889,0.806122740280244,0.2597963739221565,2,jmbayes2,0.887977749109268
1.19544453322887,56,22,7,4,0.875,0.806122740280244,0.2550165031016048,2,jmbayes2,0.887977749109268
1.21353081464767,56,22,7,4,0.8571428571428571,0.806122740280244,0.2505205331683437,2,jmbayes2,0.887977749109268
1.23161709606647,56,22,7,4,0.8333333333333334,0.806122740280244,0.2531875011797672,2,jmbayes2,0.887977749109268
1.24970337748528,56,22,7,4,0.8333333333333334,0.806122740280244,0.2569250711544054,2,jmbayes2,0.887977749109268
1.26778965890408,56,22,7,4,1.0,0.806122740280244,0.12078028381727308,2,jmbayes2,0.887977749109268
1.28587594032288,56,22,7,4,1.0,0.806122740280244,0.11681862386520135,2,jmbayes2,0.887977749109268
1.30396222174168,56,22,7,4,1.0,0.806122740280244,0.11281389379130702,2,jmbayes2,0.887977749109268
1.32204850316048,56,22,7,4,1.0,0.806122740280244,0.1092994450836211,2,jmbayes2,0.887977749109268
1.34013478457928,56,22,7,4,1.0,0.806122740280244,0.1054261246906504,2,jmbayes2,0.887977749109268
1.35822106599808,56,22,7,4,1.0,0.806122740280244,0.10169531224942334,2,jmbayes2,0.887977749109268
1.37630734741688,56,22,7,4,1.0,0.806122740280244,0.09846297920283825,2,jmbayes2,0.887977749109268
1.39439362883568,56,22,7,4,1.0,0.806122740280244,0.09448002543737996,2,jmbayes2,0.887977749109268
1.41247991025448,56,22,7,4,1.0,0.7914411996283865,0.09172437709484584,2,jmbayes2,0.887977749109268
1.43056619167328,56,22,7,4,,,,2,jmbayes2,0.887977749109268
0.406175843377908,187,47,28,1,0.9347826086956522,0.9347826086956522,0.01830044634209025,3,jmbayes2,0.370852038264275
0.441499648491542,187,47,28,1,0.9347826086956522,0.9347826086956522,0.021318103591505558,3,jmbayes2,0.370852038264275
0.476823453605175,187,47,28,1,0.9555555555555556,0.9347826086956522,0.02546602257099812,3,jmbayes2,0.370852038264275
0.512147258718809,187,47,28,1,0.9545454545454546,0.9347826086956522,0.03516668984829536,3,jmbayes2,0.370852038264275
0.547471063832442,187,47,28,2,0.975609756097561,0.9581833893259727,0.040289191454486555,3,jmbayes2,0.370852038264275
0.582794868946075,187,47,28,2,0.9743589743589743,0.9581833893259727,0.05435735002886349,3,jmbayes2,0.370852038264275
0.618118674059709,187,47,28,2,0.9743589743589743,0.9581833893259727,0.07073414632348687,3,jmbayes2,0.370852038264275
0.653442479173342,187,47,28,4,0.9834337591197597,0.953087110360765,0.055410978194163026,3,jmbayes2,0.370852038264275
0.688766284286976,187,47,28,4,0.9823983690647448,0.953087110360765,0.06909952965762663,3,jmbayes2,0.370852038264275
0.724090089400609,187,47,28,5,0.7393613168012201,0.7134202521702911,0.11619115805003646,3,jmbayes2,0.370852038264275
0.759413894514243,187,47,28,5,0.7467761744793902,0.7134202521702911,0.10792428230626917,3,jmbayes2,0.370852038264275
0.794737699627876,187,47,28,5,0.745040131167859,0.7124475155687466,0.07690083648468653,3,jmbayes2,0.370852038264275
0.83006150474151,187,47,28,5,0.7450401311678592,0.7124475155687466,0.07314268675524954,3,jmbayes2,0.370852038264275
0.865385309855143,187,47,28,5,0.7450401311678592,0.7124475155687466,0.08133755681453585,3,jmbayes2,0.370852038264275
0.9007091149687771,187,47,28,5,0.7450401311678589,0.7124475155687466,0.05425960800855293,3,jmbayes2,0.370852038264275
0.93603292008241,187,47,28,5,0.7450401311678589,0.7124475155687466,0.05945989473173365,3,jmbayes2,0.370852038264275
0.971356725196044,187,47,28,5,0.7450401311678589,0.7124475155687466,0.064655574502937,3,jmbayes2,0.370852038264275
1.00668053030968,187,47,28,5,0.7450401311678592,0.7124475155687466,0.06885444308120604,3,jmbayes2,0.370852038264275
1.04200433542331,187,47,28,5,0.745040131167859,0.7124475155687466,0.07819287999815085,3,jmbayes2,0.370852038264275
1.07732814053694,187,47,28,5,0.745040131167859,0.7124475155687466,0.09143936215532314,3,jmbayes2,0.370852038264275
1.11265194565058,187,47,28,5,0.7450401311678589,0.7211334220282288,0.10293620939486141,3,jmbayes2,0.370852038264275
1.14797575076421,187,47,28,5,0.7450401311678589,0.7211334220282288,0.0853866497880065,3,jmbayes2,0.370852038264275
1.18329955587784,187,47,28,5,0.745040131167859,0.7211334220282288,0.06976294010055771,3,jmbayes2,0.370852038264275
1.21862336099148,187,47,28,5,0.745040131167859,0.7211334220282288,0.07719728629825263,3,jmbayes2,0.370852038264275
1.25394716610511,187,47,28,5,0.745040131167859,0.7211334220282288,0.08538711438244403,3,jmbayes2,0.370852038264275
1.28927097121874,187,47,28,5,0.745040131167859,0.7211334220282288,0.10160345886312533,3,jmbayes2,0.370852038264275
1.32459477633238,187,47,28,5,0.745040131167859,0.7211334220282288,0.11812202044485458,3,jmbayes2,0.370852038264275
1.35991858144601,187,47,28,5,0.745040131167859,0.7211334220282288,0.20236955029318546,3,jmbayes2,0.370852038264275
1.39524238655965,187,47,28,6,0.18656650962751228,0.328188035308311,0.5262812946192581,3,jmbayes2,0.370852038264275
1.43056619167328,187,47,28,6,,,,3,jmbayes2,0.370852038264275
0.656285350521406,119,37,16,1,1.0,1.0,0.020876377861790665,3,jmbayes2,0.629586011171341
0.68298468987147,119,37,16,1,1.0,1.0,0.017115744843587175,3,jmbayes2,0.629586011171341
0.709684029221535,119,37,16,2,0.4842791492999894,0.48210128714928185,0.04966307624218495,3,jmbayes2,0.629586011171341
0.736383368571599,119,37,16,2,0.4862550912566945,0.48210128714928185,0.04852209619589087,3,jmbayes2,0.629586011171341
0.763082707921664,119,37,16,2,0.48701506893235036,0.48210128714928185,0.051288748456000115,3,jmbayes2,0.629586011171341
0.789782047271729,119,37,16,2,0.490745868431024,0.48210128714928185,0.04306098156510452,3,jmbayes2,0.629586011171341
0.816481386621793,119,37,16,2,0.4664956716896443,0.48210128714928185,0.0456673965939642,3,jmbayes2,0.629586011171341
0.843180725971858,119,37,16,2,0.46649567168964434,0.48210128714928185,0.04238759576159724,3,jmbayes2,0.629586011171341
0.869880065321922,119,37,16,2,0.46649567168964434,0.48210128714928185,0.045614048608336406,3,jmbayes2,0.629586011171341
0.896579404671987,119,37,16,2,0.46649567168964434,0.48210128714928185,0.035661597733656715,3,jmbayes2,0.629586011171341
0.923278744022051,119,37,16,2,0.46649567168964434,0.48210128714928185,0.03689756506038591,3,jmbayes2,0.629586011171341
0.949978083372116,119,37,16,2,0.4664956716896443,0.48210128714928185,0.038166343078673434,3,jmbayes2,0.629586011171341
0.976677422722181,119,37,16,2,0.46649567168964434,0.48210128714928185,0.040155636425469196,3,jmbayes2,0.629586011171341
1.00337676207225,119,37,16,2,0.46649567168964423,0.48210128714928185,0.04137118016220787,3,jmbayes2,0.629586011171341
1.03007610142231,119,37,16,2,0.46649567168964434,0.4642427108440847,0.043756332525430104,3,jmbayes2,0.629586011171341
1.05677544077237,119,37,16,2,0.4664956716896443,0.4642427108440847,0.04774825992893676,3,jmbayes2,0.629586011171341
1.08347478012244,119,37,16,2,0.4664956716896443,0.48210128714928185,0.05186854484337412,3,jmbayes2,0.629586011171341
1.1101741194725,119,37,16,2,0.46649567168964434,0.48210128714928185,0.055376873057128385,3,jmbayes2,0.629586011171341
1.13687345882257,119,37,16,2,0.46649567168964434,0.49995986345447907,0.061317121534780424,3,jmbayes2,0.629586011171341
1.16357279817263,119,37,16,2,0.4664956716896443,0.49995986345447907,0.049772333257558095,3,jmbayes2,0.629586011171341
1.1902721375227,119,37,16,2,0.4664956716896443,0.49995986345447907,0.05203697745436982,3,jmbayes2,0.629586011171341
1.21697147687276,119,37,16,2,0.4664956716896443,0.49995986345447907,0.05600585486086419,3,jmbayes2,0.629586011171341
1.24367081622283,119,37,16,2,0.4664956716896443,0.49995986345447907,0.06177539711002165,3,jmbayes2,0.629586011171341
1.27037015557289,119,37,16,2,0.4664956716896443,0.49995986345447907,0.06964094890582503,3,jmbayes2,0.629586011171341
1.29706949492296,119,37,16,2,0.4664956716896443,0.49995986345447907,0.07043387269971747,3,jmbayes2,0.629586011171341
1.32376883427302,119,37,16,2,0.4664956716896443,0.49995986345447907,0.07836374867712823,3,jmbayes2,0.629586011171341
1.35046817362309,119,37,16,2,0.4664956716896443,0.49995986345447907,0.12992989554991718,3,jmbayes2,0.629586011171341
1.37716751297315,119,37,16,2,0.4664956716896443,0.49995986345447907,0.13985367060653286,3,jmbayes2,0.629586011171341
1.40386685232321,119,37,16,3,,,,3,jmbayes2,0.629586011171341
1.43056619167328,119,37,16,3,,,,3,jmbayes2,0.629586011171341
0.906064030528068,62,16,10,0,,,,3,jmbayes2,0.887977749109268
0.924150311946869,62,16,10,0,,,,3,jmbayes2,0.887977749109268
0.942236593365669,62,16,10,0,,,,3,jmbayes2,0.887977749109268
0.96032287478447,62,16,10,0,,,,3,jmbayes2,0.887977749109268
0.97840915620327,62,16,10,0,,,,3,jmbayes2,0.887977749109268
0.99649543762207,62,16,10,0,,,,3,jmbayes2,0.887977749109268
1.01458171904087,62,16,10,0,,,,3,jmbayes2,0.887977749109268
1.03266800045967,62,16,10,0,,,,3,jmbayes2,0.887977749109268
1.05075428187847,62,16,10,0,,,,3,jmbayes2,0.887977749109268
1.06884056329727,62,16,10,0,,,,3,jmbayes2,0.887977749109268
1.08692684471607,62,16,10,0,,,,3,jmbayes2,0.887977749109268
1.10501312613487,62,16,10,0,,,,3,jmbayes2,0.887977749109268
1.12309940755367,62,16,10,0,,,,3,jmbayes2,0.887977749109268
1.14118568897247,62,16,10,0,,,,3,jmbayes2,0.887977749109268
1.15927197039127,62,16,10,0,,,,3,jmbayes2,0.887977749109268
1.17735825181007,62,16,10,0,,,,3,jmbayes2,0.887977749109268
1.19544453322887,62,16,10,0,,,,3,jmbayes2,0.887977749109268
1.21353081464767,62,16,10,0,,,,3,jmbayes2,0.887977749109268
1.23161709606647,62,16,10,0,,,,3,jmbayes2,0.887977749109268
1.24970337748528,62,16,10,0,,,,3,jmbayes2,0.887977749109268
1.26778965890408,62,16,10,0,,,,3,jmbayes2,0.887977749109268
1.28587594032288,62,16,10,0,,,,3,jmbayes2,0.887977749109268
1.30396222174168,62,16,10,0,,,,3,jmbayes2,0.887977749109268
1.32204850316048,62,16,10,0,,,,3,jmbayes2,0.887977749109268
1.34013478457928,62,16,10,0,,,,3,jmbayes2,0.887977749109268
1.35822106599808,62,16,10,0,,,,3,jmbayes2,0.887977749109268
1.37630734741688,62,16,10,0,,,,3,jmbayes2,0.887977749109268
1.39439362883568,62,16,10,1,0.0,0.0,0.44444226777796786,3,jmbayes2,0.887977749109268
1.41247991025448,62,16,10,1,,,,3,jmbayes2,0.887977749109268
1.43056619167328,62,16,10,1,,,,3,jmbayes2,0.887977749109268
0.406175843377908,189,45,29,0,,,,4,jmbayes2,0.370852038264275
0.441499648491542,189,45,29,0,,,,4,jmbayes2,0.370852038264275
0.476823453605175,189,45,29,0,,,,4,jmbayes2,0.370852038264275
0.512147258718809,189,45,29,0,,,,4,jmbayes2,0.370852038264275
0.547471063832442,189,45,29,0,,,,4,jmbayes2,0.370852038264275
0.582794868946075,189,45,29,1,0.0625,0.05555555555555556,0.05184048561041536,4,jmbayes2,0.370852038264275
0.618118674059709,189,45,29,1,0.06451612903225812,0.05555555555555556,0.06218789929537905,4,jmbayes2,0.370852038264275
0.653442479173342,189,45,29,1,0.08333333333333337,0.05555555555555556,0.060203783850961645,4,jmbayes2,0.370852038264275
0.688766284286976,189,45,29,1,0.04761904761904767,0.05555555555555556,0.043879075009666986,4,jmbayes2,0.370852038264275
0.724090089400609,189,45,29,1,0.050000000000000044,0.05555555555555556,0.04975759789499193,4,jmbayes2,0.370852038264275
0.759413894514243,189,45,29,1,0.050000000000000044,0.05555555555555556,0.05837696181158262,4,jmbayes2,0.370852038264275
0.794737699627876,189,45,29,1,0.050000000000000044,0.05555555555555556,0.0720099974758767,4,jmbayes2,0.370852038264275
0.83006150474151,189,45,29,1,0.05882352941176472,0.05555555555555556,0.08479598834282434,4,jmbayes2,0.370852038264275
0.865385309855143,189,45,29,2,0.5737020154155443,0.48780699408179384,0.1046291686633197,4,jmbayes2,0.370852038264275
0.9007091149687771,189,45,29,3,0.6561133728607998,0.5943466322931287,0.1426454725687812,4,jmbayes2,0.370852038264275
0.93603292008241,189,45,29,3,0.6561133728607998,0.5943466322931287,0.16199080386029374,4,jmbayes2,0.370852038264275
0.971356725196044,189,45,29,3,0.6170835726456122,0.5866925376946326,0.178122581090944,4,jmbayes2,0.370852038264275
1.00668053030968,189,45,29,3,0.624467478643081,0.6122373107555766,0.20071475348691614,4,jmbayes2,0.370852038264275
1.04200433542331,189,45,29,3,0.6071211597918844,0.6122373107555766,0.21963497432826276,4,jmbayes2,0.370852038264275
1.07732814053694,189,45,29,4,0.5001277719764659,0.5616910151035805,0.2850958244546199,4,jmbayes2,0.370852038264275
1.11265194565058,189,45,29,4,0.5175164126517826,0.5658980730088466,0.31868525287450195,4,jmbayes2,0.370852038264275
1.14797575076421,189,45,29,5,0.6816808757483048,0.6488552461726638,0.2618747456705411,4,jmbayes2,0.370852038264275
1.18329955587784,189,45,29,5,0.6180170508979658,0.6488552461726638,0.28609178476128455,4,jmbayes2,0.370852038264275
1.21862336099148,189,45,29,5,0.6180170508979658,0.6517572942945008,0.3175165426930094,4,jmbayes2,0.370852038264275
1.25394716610511,189,45,29,5,0.6161582063483457,0.6517572942945008,0.3058688966360882,4,jmbayes2,0.370852038264275
1.28927097121874,189,45,29,5,0.5150142090816381,0.6517572942945008,0.3837318023869368,4,jmbayes2,0.370852038264275
1.32459477633238,189,45,29,5,0.5150142090816381,0.6517572942945008,0.4504380555231923,4,jmbayes2,0.370852038264275
1.35991858144601,189,45,29,5,0.0,0.6517572942945008,0.4091135462455591,4,jmbayes2,0.370852038264275
1.39524238655965,189,45,29,5,0.0,0.6517572942945008,0.4620094885944786,4,jmbayes2,0.370852038264275
1.43056619167328,189,45,29,5,,,,4,jmbayes2,0.370852038264275
0.656285350521406,127,29,15,0,,,,4,jmbayes2,0.629586011171341
0.68298468987147,127,29,15,0,,,,4,jmbayes2,0.629586011171341
0.709684029221535,127,29,15,0,,,,4,jmbayes2,0.629586011171341
0.736383368571599,127,29,15,0,,,,4,jmbayes2,0.629586011171341
0.763082707921664,127,29,15,0,,,,4,jmbayes2,0.629586011171341
0.789782047271729,127,29,15,0,,,,4,jmbayes2,0.629586011171341
0.816481386621793,127,29,15,0,,,,4,jmbayes2,0.629586011171341
0.843180725971858,127,29,15,0,,,,4,jmbayes2,0.629586011171341
0.869880065321922,127,29,15,2,0.7451737451737451,0.7567884352412582,0.09464909721363511,4,jmbayes2,0.629586011171341
0.896579404671987,127,29,15,2,0.7432432432432433,0.7531744481344014,0.10353785929228675,4,jmbayes2,0.629586011171341
0.923278744022051,127,29,15,2,0.7451737451737451,0.7567884352412582,0.11687445856368558,4,jmbayes2,0.629586011171341
0.949978083372116,127,29,15,2,0.7451737451737451,0.7567884352412582,0.13182968575919224,4,jmbayes2,0.629586011171341
0.976677422722181,127,29,15,2,0.7454954954954955,0.7567884352412582,0.14239595247445627,4,jmbayes2,0.629586011171341
1.00337676207225,127,29,15,2,0.7459459459459459,0.7567884352412582,0.1444630904926729,4,jmbayes2,0.629586011171341
1.03007610142231,127,29,15,2,0.7459459459459459,0.7567884352412582,0.1629614686570773,4,jmbayes2,0.629586011171341
1.05677544077237,127,29,15,2,0.7717717717717718,0.7884352412580583,0.18714688616658448,4,jmbayes2,0.629586011171341
1.08347478012244,127,29,15,3,0.8552392234172034,0.8343780832343104,0.17578756656960526,4,jmbayes2,0.629586011171341
1.1101741194725,127,29,15,3,0.8552392234172034,0.8343780832343104,0.19086122059707802,4,jmbayes2,0.629586011171341
1.13687345882257,127,29,15,4,0.8585557342037208,0.8340161993131443,0.21545010836237624,4,jmbayes2,0.629586011171341
1.16357279817263,127,29,15,4,0.8585557342037208,0.8340161993131443,0.22612872498047482,4,jmbayes2,0.629586011171341
1.1902721375227,127,29,15,4,0.8302668810444648,0.8340161993131443,0.23957711906118223,4,jmbayes2,0.629586011171341
1.21697147687276,127,29,15,4,0.8302668810444648,0.8340161993131443,0.24729827656357933,4,jmbayes2,0.629586011171341
1.24367081622283,127,29,15,4,0.787833601305581,0.8340161993131443,0.2604245379888066,4,jmbayes2,0.629586011171341
1.27037015557289,127,29,15,4,0.787833601305581,0.8340161993131443,0.2846730004202421,4,jmbayes2,0.629586011171341
1.29706949492296,127,29,15,4,0.7171114684074413,0.8340161993131443,0.3370711218093205,4,jmbayes2,0.629586011171341
1.32376883427302,127,29,15,4,0.7171114684074413,0.8340161993131443,0.3616800702993512,4,jmbayes2,0.629586011171341
1.35046817362309,127,29,15,4,0.15133440522232405,0.8340161993131443,0.4650795139521529,4,jmbayes2,0.629586011171341
1.37716751297315,127,29,15,4,0.15133440522232405,0.8340161993131443,0.46329074297685124,4,jmbayes2,0.629586011171341
1.40386685232321,127,29,15,4,0.15133440522232405,0.8340161993131443,0.7633831636655862,4,jmbayes2,0.629586011171341
1.43056619167328,127,29,15,4,,,,4,jmbayes2,0.629586011171341
0.906064030528068,64,14,9,0,,,,4,jmbayes2,0.887977749109268
0.924150311946869,64,14,9,0,,,,4,jmbayes2,0.887977749109268
0.942236593365669,64,14,9,0,,,,4,jmbayes2,0.887977749109268
0.96032287478447,64,14,9,0,,,,4,jmbayes2,0.887977749109268
0.97840915620327,64,14,9,0,,,,4,jmbayes2,0.887977749109268
0.99649543762207,64,14,9,0,,,,4,jmbayes2,0.887977749109268
1.01458171904087,64,14,9,0,,,,4,jmbayes2,0.887977749109268
1.03266800045967,64,14,9,0,,,,4,jmbayes2,0.887977749109268
1.05075428187847,64,14,9,0,,,,4,jmbayes2,0.887977749109268
1.06884056329727,64,14,9,1,0.875,0.875,0.08524388789951598,4,jmbayes2,0.887977749109268
1.08692684471607,64,14,9,1,0.8571428571428571,0.875,0.09273134620711213,4,jmbayes2,0.887977749109268
1.10501312613487,64,14,9,1,0.8571428571428571,0.875,0.10026254748022266,4,jmbayes2,0.887977749109268
1.12309940755367,64,14,9,2,0.8333333333333334,0.8541820873427091,0.18320597838432182,4,jmbayes2,0.887977749109268
1.14118568897247,64,14,9,2,0.8333333333333334,0.8541820873427091,0.18469958030561576,4,jmbayes2,0.887977749109268
1.15927197039127,64,14,9,2,0.8333333333333334,0.8541820873427091,0.18962566998183364,4,jmbayes2,0.887977749109268
1.17735825181007,64,14,9,2,0.8,0.8541820873427091,0.20019330921321046,4,jmbayes2,0.887977749109268
1.19544453322887,64,14,9,2,0.8,0.8541820873427091,0.2083612309638725,4,jmbayes2,0.887977749109268
1.21353081464767,64,14,9,2,0.8,0.8541820873427091,0.21717640797248006,4,jmbayes2,0.887977749109268
1.23161709606647,64,14,9,2,0.75,0.8541820873427091,0.2259469051687799,4,jmbayes2,0.887977749109268
1.24970337748528,64,14,9,2,0.75,0.8541820873427091,0.23728159233982585,4,jmbayes2,0.887977749109268
1.26778965890408,64,14,9,2,0.75,0.8541820873427091,0.2621574737636322,4,jmbayes2,0.887977749109268
1.28587594032288,64,14,9,2,0.6666666666666667,0.8541820873427091,0.265054537107374,4,jmbayes2,0.887977749109268
1.30396222174168,64,14,9,2,0.6666666666666667,0.8541820873427091,0.31716336605241136,4,jmbayes2,0.887977749109268
1.32204850316048,64,14,9,2,0.6666666666666667,0.8541820873427091,0.3436012663533479,4,jmbayes2,0.887977749109268
1.34013478457928,64,14,9,2,0.0,0.8541820873427091,0.38979294452771934,4,jmbayes2,0.887977749109268
1.35822106599808,64,14,9,2,0.0,0.8541820873427091,0.47996541921326585,4,jmbayes2,0.887977749109268
1.37630734741688,64,14,9,2,0.0,0.8541820873427091,0.48324681321761975,4,jmbayes2,0.887977749109268
1.39439362883568,64,14,9,2,0.0,0.8541820873427091,0.5499124381654035,4,jmbayes2,0.887977749109268
1.41247991025448,64,14,9,2,,,,4,jmbayes2,0.887977749109268
1.43056619167328,64,14,9,2,,,,4,jmbayes2,0.887977749109268
0.406175843377908,187,47,25,2,0.883720930232558,0.8681318681318682,0.0443903216905913,5,jmbayes2,0.370852038264275
0.441499648491542,187,47,25,2,0.8902439024390244,0.8681318681318682,0.05813438278891809,5,jmbayes2,0.370852038264275
0.476823453605175,187,47,25,4,0.918918918918919,0.9008993361381953,0.07592299611801816,5,jmbayes2,0.370852038264275
0.512147258718809,187,47,25,4,0.9161946618056488,0.9056360796441754,0.08325662390585016,5,jmbayes2,0.370852038264275
0.547471063832442,187,47,25,4,0.9280859378572387,0.9111804763788572,0.07730610597053349,5,jmbayes2,0.370852038264275
0.582794868946075,187,47,25,4,0.9525939945313548,0.9167248731135391,0.06210728572192426,5,jmbayes2,0.370852038264275
0.618118674059709,187,47,25,4,0.9476899250001157,0.9167248731135391,0.06855664310773524,5,jmbayes2,0.370852038264275
0.653442479173342,187,47,25,4,0.9458217080358341,0.9167248731135391,0.08336029271189077,5,jmbayes2,0.370852038264275
0.688766284286976,187,47,25,4,0.9808521416667909,0.9167248731135391,0.07091356225061662,5,jmbayes2,0.370852038264275
0.724090089400609,187,47,25,5,0.8876727230991858,0.853862593304418,0.08638769600874464,5,jmbayes2,0.370852038264275
0.759413894514243,187,47,25,5,0.9006647019031204,0.8650138028533308,0.10172343074097338,5,jmbayes2,0.370852038264275
0.794737699627876,187,47,25,5,0.9050223487777608,0.869074358072555,0.10919679038833653,5,jmbayes2,0.370852038264275
0.83006150474151,187,47,25,5,0.8944692764197342,0.869074358072555,0.12742551263240975,5,jmbayes2,0.370852038264275
0.865385309855143,187,47,25,6,0.6884315327563054,0.7108724133765636,0.19005088026016168,5,jmbayes2,0.370852038264275
0.9007091149687771,187,47,25,6,0.6986981370745956,0.7108724133765636,0.20368438517376838,5,jmbayes2,0.370852038264275
0.93603292008241,187,47,25,6,0.7126980520540822,0.719240098094904,0.20772154789976197,5,jmbayes2,0.370852038264275
0.971356725196044,187,47,25,7,0.6559585273805304,0.667918800437335,0.23486458814776043,5,jmbayes2,0.370852038264275
1.00668053030968,187,47,25,8,0.6976833957057414,0.7007099467052273,0.21508862132430198,5,jmbayes2,0.370852038264275
1.04200433542331,187,47,25,8,0.6976833957057414,0.7007099467052273,0.23501474674093983,5,jmbayes2,0.370852038264275
1.07732814053694,187,47,25,9,0.8132667540842574,0.7526940562457622,0.16030878847647984,5,jmbayes2,0.370852038264275
1.11265194565058,187,47,25,9,0.8185363661487547,0.7526940562457622,0.15669238449875825,5,jmbayes2,0.370852038264275
1.14797575076421,187,47,25,9,0.8185363661487547,0.7510081650066089,0.1653521020364342,5,jmbayes2,0.370852038264275
1.18329955587784,187,47,25,9,0.8185363661487547,0.7510081650066089,0.180319680371236,5,jmbayes2,0.370852038264275
1.21862336099148,187,47,25,9,0.8185363661487547,0.7556380063631484,0.19436463022897738,5,jmbayes2,0.370852038264275
1.25394716610511,187,47,25,9,0.8185363661487547,0.7556380063631484,0.21958124124669973,5,jmbayes2,0.370852038264275
1.28927097121874,187,47,25,9,0.8185363661487546,0.7528635854368091,0.28341560957876144,5,jmbayes2,0.370852038264275
1.32459477633238,187,47,25,9,0.8185363661487546,0.7545494766759624,0.33010617537538656,5,jmbayes2,0.370852038264275
1.35991858144601,187,47,25,9,0.7278045492231319,0.7545494766759624,0.5351071175851111,5,jmbayes2,0.370852038264275
1.39524238655965,187,47,25,9,0.7278045492231319,0.7562353679151158,0.6338398770902771,5,jmbayes2,0.370852038264275
1.43056619167328,187,47,25,9,,,,5,jmbayes2,0.370852038264275
0.656285350521406,127,29,14,0,,,,5,jmbayes2,0.629586011171341
0.68298468987147,127,29,14,0,,,,5,jmbayes2,0.629586011171341
0.709684029221535,127,29,14,0,,,,5,jmbayes2,0.629586011171341
0.736383368571599,127,29,14,1,0.7272727272727273,0.75,0.07297725709493207,5,jmbayes2,0.629586011171341
0.763082707921664,127,29,14,1,0.7272727272727273,0.75,0.08370694856655335,5,jmbayes2,0.629586011171341
0.789782047271729,127,29,14,1,0.75,0.75,0.08743967751638831,5,jmbayes2,0.629586011171341
0.816481386621793,127,29,14,1,0.7222222222222222,0.75,0.09876126846505974,5,jmbayes2,0.629586011171341
0.843180725971858,127,29,14,2,0.437725928360171,0.4647704628341544,0.163940706711101,5,jmbayes2,0.629586011171341
0.869880065321922,127,29,14,2,0.4700718276137271,0.4647704628341544,0.16665497189530554,5,jmbayes2,0.629586011171341
0.896579404671987,127,29,14,2,0.5062311989686292,0.4647704628341544,0.17406319014972965,5,jmbayes2,0.629586011171341
0.923278744022051,127,29,14,2,0.5200609446419503,0.4647704628341544,0.18797234809619298,5,jmbayes2,0.629586011171341
0.949978083372116,127,29,14,3,0.5945112435300954,0.52580183261524,0.2626739177232992,5,jmbayes2,0.629586011171341
0.976677422722181,127,29,14,3,0.5438251489713574,0.52580183261524,0.28003255179611675,5,jmbayes2,0.629586011171341
1.00337676207225,127,29,14,4,0.7021272908137811,0.6156910255888192,0.24828411928514396,5,jmbayes2,0.629586011171341
1.03007610142231,127,29,14,4,0.7021272908137811,0.6156910255888192,0.25890329595964834,5,jmbayes2,0.629586011171341
1.05677544077237,127,29,14,5,0.84733814549074,0.7030650919266052,0.16869921335938004,5,jmbayes2,0.629586011171341
1.08347478012244,127,29,14,5,0.84733814549074,0.7030650919266052,0.1749309613628011,5,jmbayes2,0.629586011171341
1.1101741194725,127,29,14,5,0.8091726818634251,0.7030650919266052,0.18023058589253646,5,jmbayes2,0.629586011171341
1.13687345882257,127,29,14,5,0.795651738186387,0.7097178431871748,0.18486324224849035,5,jmbayes2,0.629586011171341
1.16357279817263,127,29,14,5,0.795651738186387,0.7097178431871748,0.19435555522296355,5,jmbayes2,0.629586011171341
1.1902721375227,127,29,14,5,0.795651738186387,0.7097178431871748,0.21006231324081587,5,jmbayes2,0.629586011171341
1.21697147687276,127,29,14,5,0.795651738186387,0.7097178431871748,0.21906127573592657,5,jmbayes2,0.629586011171341
1.24367081622283,127,29,14,5,0.795651738186387,0.7213918563622407,0.2423609152015858,5,jmbayes2,0.629586011171341
1.27037015557289,127,29,14,5,0.795651738186387,0.7330658695373067,0.2639935478102275,5,jmbayes2,0.629586011171341
1.29706949492296,127,29,14,5,0.795651738186387,0.7330658695373067,0.32139157628853876,5,jmbayes2,0.629586011171341
1.32376883427302,127,29,14,5,0.795651738186387,0.7330658695373067,0.3464571414702713,5,jmbayes2,0.629586011171341
1.35046817362309,127,29,14,5,0.6934776072795805,0.7330658695373067,0.5370526535234358,5,jmbayes2,0.629586011171341
1.37716751297315,127,29,14,5,0.6934776072795805,0.7330658695373067,0.5465626650763731,5,jmbayes2,0.629586011171341
1.40386685232321,127,29,14,5,0.5372197016646215,0.7397186207978763,0.7442679750875747,5,jmbayes2,0.629586011171341
1.43056619167328,127,29,14,5,,,,5,jmbayes2,0.629586011171341
0.906064030528068,65,13,8,0,,,,5,jmbayes2,0.887977749109268
0.924150311946869,65,13,8,0,,,,5,jmbayes2,0.887977749109268
0.942236593365669,65,13,8,1,0.7,0.7000000000000001,0.15851101186734276,5,jmbayes2,0.887977749109268
0.96032287478447,65,13,8,1,0.6666666666666667,0.7000000000000001,0.1745752706787445,5,jmbayes2,0.887977749109268
0.97840915620327,65,13,8,1,0.625,0.7000000000000001,0.1918442534596081,5,jmbayes2,0.887977749109268
0.99649543762207,65,13,8,1,0.625,0.7000000000000001,0.2104890884555916,5,jmbayes2,0.887977749109268
1.01458171904087,65,13,8,2,0.7924681109536343,0.7794620949924245,0.22800698732727234,5,jmbayes2,0.887977749109268
1.03266800045967,65,13,8,2,0.7924681109536343,0.7794620949924245,0.23899909173821884,5,jmbayes2,0.887977749109268
1.05075428187847,65,13,8,2,0.7578794627792401,0.7794620949924245,0.24165320429324716,5,jmbayes2,0.887977749109268
1.06884056329727,65,13,8,3,0.9459240242586598,0.8575770704934748,0.11261461576655804,5,jmbayes2,0.887977749109268
1.08692684471607,65,13,8,3,0.9324050303233248,0.8575770704934748,0.11522550901501259,5,jmbayes2,0.887977749109268
1.10501312613487,65,13,8,3,0.9324050303233248,0.8575770704934748,0.11844865896227162,5,jmbayes2,0.887977749109268
1.12309940755367,65,13,8,3,0.909873373764433,0.8575770704934748,0.1228241067784961,5,jmbayes2,0.887977749109268
1.14118568897247,65,13,8,3,0.909873373764433,0.8575770704934748,0.1263221427330362,5,jmbayes2,0.887977749109268
1.15927197039127,65,13,8,3,0.909873373764433,0.8575770704934748,0.1327239384097165,5,jmbayes2,0.887977749109268
1.17735825181007,65,13,8,3,0.909873373764433,0.8575770704934748,0.14628322569238905,5,jmbayes2,0.887977749109268
1.19544453322887,65,13,8,3,0.909873373764433,0.8575770704934748,0.15534496820246202,5,jmbayes2,0.887977749109268
1.21353081464767,65,13,8,3,0.909873373764433,0.8575770704934748,0.16598967521712382,5,jmbayes2,0.887977749109268
1.23161709606647,65,13,8,3,0.909873373764433,0.8575770704934748,0.18374469639028876,5,jmbayes2,0.887977749109268
1.24970337748528,65,13,8,3,0.909873373764433,0.8575770704934748,0.19808726172501065,5,jmbayes2,0.887977749109268
1.26778965890408,65,13,8,3,0.909873373764433,0.8575770704934748,0.22284530256213794,5,jmbayes2,0.887977749109268
1.28587594032288,65,13,8,3,0.909873373764433,0.8575770704934748,0.24179375243844367,5,jmbayes2,0.887977749109268
1.30396222174168,65,13,8,3,0.909873373764433,0.8575770704934748,0.2952987893345494,5,jmbayes2,0.887977749109268
1.32204850316048,65,13,8,3,0.909873373764433,0.8575770704934748,0.32567883308950274,5,jmbayes2,0.887977749109268
1.34013478457928,65,13,8,3,0.8648100606466496,0.8575770704934748,0.42949579267367743,5,jmbayes2,0.887977749109268
1.35822106599808,65,13,8,3,0.8648100606466496,0.8575770704934748,0.5539741214995585,5,jmbayes2,0.887977749109268
1.37630734741688,65,13,8,3,0.8648100606466496,0.8575770704934748,0.5676871658026735,5,jmbayes2,0.887977749109268
1.39439362883568,65,13,8,3,0.8648100606466496,0.8575770704934748,0.668967146813147,5,jmbayes2,0.887977749109268
1.41247991025448,65,13,8,3,0.7296201212932991,0.8575770704934748,1.6152040458224017,5,jmbayes2,0.887977749109268
1.43056619167328,65,13,8,3,,,,5,jmbayes2,0.887977749109268
