landmark_index,landmark,horizon
0,0.3708520382642746,0.4061758433779081
0,0.3708520382642746,0.44149964849154155
0,0.3708520382642746,0.47682345360517503
0,0.3708520382642746,0.5121472587188085
0,0.3708520382642746,0.5474710638324419
0,0.3708520382642746,0.5827948689460755
0,0.3708520382642746,0.6181186740597089
0,0.3708520382642746,0.6534424791733424
0,0.3708520382642746,0.6887662842869758
0,0.3708520382642746,0.7240900894006093
0,0.3708520382642746,0.7594138945142428
0,0.3708520382642746,0.7947376996278763
0,0.3708520382642746,0.8300615047415097
0,0.3708520382642746,0.8653853098551432
0,0.3708520382642746,0.9007091149687767
0,0.3708520382642746,0.9360329200824101
0,0.3708520382642746,0.9713567251960437
0,0.3708520382642746,1.006680530309677
0,0.3708520382642746,1.0420043354233106
0,0.3708520382642746,1.077328140536944
0,0.3708520382642746,1.1126519456505775
0,0.3708520382642746,1.147975750764211
0,0.3708520382642746,1.1832995558778445
0,0.3708520382642746,1.218623360991478
0,0.3708520382642746,1.2539471661051116
0,0.3708520382642746,1.289270971218745
0,0.3708520382642746,1.3245947763323784
0,0.3708520382642746,1.3599185814460117
0,0.3708520382642746,1.3952423865596453
0,0.3708520382642746,1.4305661916732788
1,0.6295860111713409,0.6562853505214056
1,0.6295860111713409,0.6829846898714701
1,0.6295860111713409,0.7096840292215347
1,0.6295860111713409,0.7363833685715994
1,0.6295860111713409,0.7630827079216639
1,0.6295860111713409,0.7897820472717285
1,0.6295860111713409,0.8164813866217931
1,0.6295860111713409,0.8431807259718577
1,0.6295860111713409,0.8698800653219223
1,0.6295860111713409,0.8965794046719868
1,0.6295860111713409,0.9232787440220515
1,0.6295860111713409,0.9499780833721161
1,0.6295860111713409,0.9766774227221807
1,0.6295860111713409,1.0033767620722454
1,0.6295860111713409,1.0300761014223099
1,0.6295860111713409,1.0567754407723744
1,0.6295860111713409,1.083474780122439
1,0.6295860111713409,1.1101741194725037
1,0.6295860111713409,1.1368734588225682
1,0.6295860111713409,1.1635727981726327
1,0.6295860111713409,1.1902721375226974
1,0.6295860111713409,1.216971476872762
1,0.6295860111713409,1.2436708162228265
1,0.6295860111713409,1.2703701555728912
1,0.6295860111713409,1.297069494922956
1,0.6295860111713409,1.3237688342730205
1,0.6295860111713409,1.350468173623085
1,0.6295860111713409,1.3771675129731498
1,0.6295860111713409,1.403866852323214
1,0.6295860111713409,1.4305661916732788
2,0.8879777491092682,0.9060640305280685
2,0.8879777491092682,0.9241503119468689
2,0.8879777491092682,0.9422365933656692
2,0.8879777491092682,0.9603228747844696
2,0.8879777491092682,0.97840915620327
2,0.8879777491092682,0.9964954376220703
2,0.8879777491092682,1.0145817190408706
2,0.8879777491092682,1.032668000459671
2,0.8879777491092682,1.0507542818784714
2,0.8879777491092682,1.0688405632972717
2,0.8879777491092682,1.086926844716072
2,0.8879777491092682,1.1050131261348723
2,0.8879777491092682,1.1230994075536729
2,0.8879777491092682,1.1411856889724732
2,0.8879777491092682,1.1592719703912735
2,0.8879777491092682,1.1773582518100738
2,0.8879777491092682,1.1954445332288741
2,0.8879777491092682,1.2135308146476746
2,0.8879777491092682,1.231617096066475
2,0.8879777491092682,1.2497033774852753
2,0.8879777491092682,1.2677896589040756
2,0.8879777491092682,1.2858759403228759
2,0.8879777491092682,1.3039622217416764
2,0.8879777491092682,1.3220485031604767
2,0.8879777491092682,1.340134784579277
2,0.8879777491092682,1.3582210659980773
2,0.8879777491092682,1.3763073474168777
2,0.8879777491092682,1.3943936288356782
2,0.8879777491092682,1.4124799102544785
2,0.8879777491092682,1.4305661916732788
