fold,model,id,landmark,horizon,survival
1,jmstate,4,0.3708520382642746,0.5827948689460755,0.7932536005973816
1,jmstate,4,0.3708520382642746,0.6887662842869758,0.6490046381950378
1,jmstate,4,0.3708520382642746,0.9007091149687767,0.3606468737125397
1,jmstate,6,0.3708520382642746,0.5827948689460755,0.9486485123634338
1,jmstate,6,0.3708520382642746,0.6887662842869758,0.917814314365387
1,jmstate,6,0.3708520382642746,0.9007091149687767,0.8461394309997559
1,jmstate,8,0.3708520382642746,0.5827948689460755,0.9666392207145691
1,jmstate,8,0.3708520382642746,0.6887662842869758,0.9385253190994263
1,jmstate,8,0.3708520382642746,0.9007091149687767,0.846433162689209
1,jmstate,25,0.3708520382642746,0.5827948689460755,0.9875797629356384
1,jmstate,25,0.3708520382642746,0.6887662842869758,0.9794415235519409
1,jmstate,25,0.3708520382642746,0.9007091149687767,0.9580722451210022
1,jmstate,26,0.3708520382642746,0.5827948689460755,0.47806739807128906
1,jmstate,26,0.3708520382642746,0.6887662842869758,0.2859092354774475
1,jmstate,26,0.3708520382642746,0.9007091149687767,0.08688417077064514
1,jmstate,34,0.3708520382642746,0.5827948689460755,0.97866290807724
1,jmstate,34,0.3708520382642746,0.6887662842869758,0.9635075330734253
1,jmstate,34,0.3708520382642746,0.9007091149687767,0.920784592628479
1,jmstate,43,0.3708520382642746,0.5827948689460755,0.9884334206581116
1,jmstate,43,0.3708520382642746,0.6887662842869758,0.9820007681846619
1,jmstate,43,0.3708520382642746,0.9007091149687767,0.9676791429519653
1,jmstate,46,0.3708520382642746,0.5827948689460755,0.9238001108169556
1,jmstate,46,0.3708520382642746,0.6887662842869758,0.8820847868919373
1,jmstate,46,0.3708520382642746,0.9007091149687767,0.7949816584587097
1,jmstate,47,0.3708520382642746,0.5827948689460755,0.9874211549758911
1,jmstate,47,0.3708520382642746,0.6887662842869758,0.9789168834686279
1,jmstate,47,0.3708520382642746,0.9007091149687767,0.9555555582046509
1,jmstate,58,0.3708520382642746,0.5827948689460755,0.9820624589920044
1,jmstate,58,0.3708520382642746,0.6887662842869758,0.9684972763061523
1,jmstate,58,0.3708520382642746,0.9007091149687767,0.9272822141647339
1,jmstate,61,0.3708520382642746,0.5827948689460755,0.9761828184127808
1,jmstate,61,0.3708520382642746,0.6887662842869758,0.9575933814048767
1,jmstate,61,0.3708520382642746,0.9007091149687767,0.9000588655471802
1,jmstate,64,0.3708520382642746,0.5827948689460755,0.5589481592178345
1,jmstate,64,0.3708520382642746,0.6887662842869758,0.3408258855342865
1,jmstate,64,0.3708520382642746,0.9007091149687767,0.09952502697706223
1,jmstate,74,0.3708520382642746,0.5827948689460755,0.7931387424468994
1,jmstate,74,0.3708520382642746,0.6887662842869758,0.6817057132720947
1,jmstate,74,0.3708520382642746,0.9007091149687767,0.4966139793395996
1,jmstate,78,0.3708520382642746,0.5827948689460755,0.5408904552459717
1,jmstate,78,0.3708520382642746,0.6887662842869758,0.3415049910545349
1,jmstate,78,0.3708520382642746,0.9007091149687767,0.1160663366317749
1,jmstate,83,0.3708520382642746,0.5827948689460755,0.9513272643089294
1,jmstate,83,0.3708520382642746,0.6887662842869758,0.9203709363937378
1,jmstate,83,0.3708520382642746,0.9007091149687767,0.8443689346313477
1,jmstate,85,0.3708520382642746,0.5827948689460755,0.8812992572784424
1,jmstate,85,0.3708520382642746,0.6887662842869758,0.811635434627533
1,jmstate,85,0.3708520382642746,0.9007091149687767,0.661357045173645
1,jmstate,105,0.3708520382642746,0.5827948689460755,0.901412308216095
1,jmstate,105,0.3708520382642746,0.6887662842869758,0.8031104803085327
1,jmstate,105,0.3708520382642746,0.9007091149687767,0.5212390422821045
1,jmstate,109,0.3708520382642746,0.5827948689460755,0.9945564270019531
1,jmstate,109,0.3708520382642746,0.6887662842869758,0.9913017153739929
1,jmstate,109,0.3708520382642746,0.9007091149687767,0.983428418636322
1,jmstate,110,0.3708520382642746,0.5827948689460755,0.9423174858093262
1,jmstate,110,0.3708520382642746,0.6887662842869758,0.8954520225524902
1,jmstate,110,0.3708520382642746,0.9007091149687767,0.754403829574585
1,jmstate,115,0.3708520382642746,0.5827948689460755,0.9917969107627869
1,jmstate,115,0.3708520382642746,0.6887662842869758,0.9869252443313599
1,jmstate,115,0.3708520382642746,0.9007091149687767,0.9753100872039795
1,jmstate,125,0.3708520382642746,0.5827948689460755,0.831501841545105
1,jmstate,125,0.3708520382642746,0.6887662842869758,0.7053058743476868
1,jmstate,125,0.3708520382642746,0.9007091149687767,0.4316976070404053
1,jmstate,147,0.3708520382642746,0.5827948689460755,0.8923314213752747
1,jmstate,147,0.3708520382642746,0.6887662842869758,0.8316885828971863
1,jmstate,147,0.3708520382642746,0.9007091149687767,0.7047775387763977
1,jmstate,158,0.3708520382642746,0.5827948689460755,0.6057479977607727
1,jmstate,158,0.3708520382642746,0.6887662842869758,0.36920031905174255
1,jmstate,158,0.3708520382642746,0.9007091149687767,0.08880633860826492
1,jmstate,166,0.3708520382642746,0.5827948689460755,0.9884480834007263
1,jmstate,166,0.3708520382642746,0.6887662842869758,0.9831827282905579
1,jmstate,166,0.3708520382642746,0.9007091149687767,0.9731414318084717
1,jmstate,173,0.3708520382642746,0.5827948689460755,0.9812036752700806
1,jmstate,173,0.3708520382642746,0.6887662842869758,0.969294011592865
1,jmstate,173,0.3708520382642746,0.9007091149687767,0.9391698837280273
1,jmstate,174,0.3708520382642746,0.5827948689460755,0.9781023263931274
1,jmstate,174,0.3708520382642746,0.6887662842869758,0.9625923037528992
1,jmstate,174,0.3708520382642746,0.9007091149687767,0.918899655342102
1,jmstate,176,0.3708520382642746,0.5827948689460755,0.9210154414176941
1,jmstate,176,0.3708520382642746,0.6887662842869758,0.8628464937210083
1,jmstate,176,0.3708520382642746,0.9007091149687767,0.7098173499107361
1,jmstate,181,0.3708520382642746,0.5827948689460755,0.9269442558288574
1,jmstate,181,0.3708520382642746,0.6887662842869758,0.8695809841156006
1,jmstate,181,0.3708520382642746,0.9007091149687767,0.7364882230758667
1,jmstate,183,0.3708520382642746,0.5827948689460755,0.9162909388542175
1,jmstate,183,0.3708520382642746,0.6887662842869758,0.8250424265861511
1,jmstate,183,0.3708520382642746,0.9007091149687767,0.532690703868866
1,jmstate,186,0.3708520382642746,0.5827948689460755,0.6229709386825562
1,jmstate,186,0.3708520382642746,0.6887662842869758,0.4537949562072754
1,jmstate,186,0.3708520382642746,0.9007091149687767,0.24005140364170074
1,jmstate,197,0.3708520382642746,0.5827948689460755,0.9911220073699951
1,jmstate,197,0.3708520382642746,0.6887662842869758,0.9850224852561951
1,jmstate,197,0.3708520382642746,0.9007091149687767,0.967888593673706
1,jmstate,198,0.3708520382642746,0.5827948689460755,0.9895681738853455
1,jmstate,198,0.3708520382642746,0.6887662842869758,0.9811394214630127
1,jmstate,198,0.3708520382642746,0.9007091149687767,0.9532507061958313
1,jmstate,210,0.3708520382642746,0.5827948689460755,0.9335061311721802
1,jmstate,210,0.3708520382642746,0.6887662842869758,0.8816232085227966
1,jmstate,210,0.3708520382642746,0.9007091149687767,0.73322594165802
1,jmstate,212,0.3708520382642746,0.5827948689460755,0.9870444536209106
1,jmstate,212,0.3708520382642746,0.6887662842869758,0.9802519083023071
1,jmstate,212,0.3708520382642746,0.9007091149687767,0.9660347700119019
1,jmstate,214,0.3708520382642746,0.5827948689460755,0.4379740059375763
1,jmstate,214,0.3708520382642746,0.6887662842869758,0.23758646845817566
1,jmstate,214,0.3708520382642746,0.9007091149687767,0.057055048644542694
1,jmstate,226,0.3708520382642746,0.5827948689460755,0.9626783728599548
1,jmstate,226,0.3708520382642746,0.6887662842869758,0.9356151223182678
1,jmstate,226,0.3708520382642746,0.9007091149687767,0.8600320219993591
1,jmstate,232,0.3708520382642746,0.5827948689460755,0.9798341989517212
1,jmstate,232,0.3708520382642746,0.6887662842869758,0.9620760083198547
1,jmstate,232,0.3708520382642746,0.9007091149687767,0.8994646072387695
1,jmstate,240,0.3708520382642746,0.5827948689460755,0.9912131428718567
1,jmstate,240,0.3708520382642746,0.6887662842869758,0.985283613204956
1,jmstate,240,0.3708520382642746,0.9007091149687767,0.968791663646698
1,jmstate,252,0.3708520382642746,0.5827948689460755,0.8617910742759705
1,jmstate,252,0.3708520382642746,0.6887662842869758,0.7753992080688477
1,jmstate,252,0.3708520382642746,0.9007091149687767,0.6028485894203186
1,jmstate,261,0.3708520382642746,0.5827948689460755,0.9143511652946472
1,jmstate,261,0.3708520382642746,0.6887662842869758,0.8619083762168884
1,jmstate,261,0.3708520382642746,0.9007091149687767,0.7418428659439087
1,jmstate,262,0.3708520382642746,0.5827948689460755,0.9573803544044495
1,jmstate,262,0.3708520382642746,0.6887662842869758,0.9272773265838623
1,jmstate,262,0.3708520382642746,0.9007091149687767,0.8542393445968628
1,jmstate,278,0.3708520382642746,0.5827948689460755,0.5314003825187683
1,jmstate,278,0.3708520382642746,0.6887662842869758,0.30374205112457275
1,jmstate,278,0.3708520382642746,0.9007091149687767,0.07298746705055237
1,jmstate,290,0.3708520382642746,0.5827948689460755,0.8613026738166809
1,jmstate,290,0.3708520382642746,0.6887662842869758,0.7632925510406494
1,jmstate,290,0.3708520382642746,0.9007091149687767,0.5375882387161255
1,jmstate,292,0.3708520382642746,0.5827948689460755,0.2405029982328415
1,jmstate,292,0.3708520382642746,0.6887662842869758,0.0940842255949974
1,jmstate,292,0.3708520382642746,0.9007091149687767,0.015131013467907906
1,jmstate,293,0.3708520382642746,0.5827948689460755,0.4004673361778259
1,jmstate,293,0.3708520382642746,0.6887662842869758,0.2555437386035919
1,jmstate,293,0.3708520382642746,0.9007091149687767,0.12348619848489761
1,jmstate,310,0.3708520382642746,0.5827948689460755,0.8964348435401917
1,jmstate,310,0.3708520382642746,0.6887662842869758,0.8347236514091492
1,jmstate,310,0.3708520382642746,0.9007091149687767,0.6994032859802246
1,jmstate,6,0.6295860111713409,0.7897820472717285,0.966235339641571
1,jmstate,6,0.6295860111713409,0.8698800653219223,0.9467978477478027
1,jmstate,6,0.6295860111713409,1.0300761014223099,0.9039771556854248
1,jmstate,8,0.6295860111713409,0.7897820472717285,0.877740740776062
1,jmstate,8,0.6295860111713409,0.8698800653219223,0.7815573215484619
1,jmstate,8,0.6295860111713409,1.0300761014223099,0.5245599150657654
1,jmstate,25,0.6295860111713409,0.7897820472717285,0.9954883456230164
1,jmstate,25,0.6295860111713409,0.8698800653219223,0.9930521249771118
1,jmstate,25,0.6295860111713409,1.0300761014223099,0.9879567623138428
1,jmstate,34,0.6295860111713409,0.7897820472717285,0.9746716022491455
1,jmstate,34,0.6295860111713409,0.8698800653219223,0.9579852819442749
1,jmstate,34,0.6295860111713409,1.0300761014223099,0.9156551957130432
1,jmstate,43,0.6295860111713409,0.7897820472717285,0.9922884702682495
1,jmstate,43,0.6295860111713409,0.8698800653219223,0.9880279302597046
1,jmstate,43,0.6295860111713409,1.0300761014223099,0.978886604309082
1,jmstate,47,0.6295860111713409,0.7897820472717285,0.9912124276161194
1,jmstate,47,0.6295860111713409,0.8698800653219223,0.9858946204185486
1,jmstate,47,0.6295860111713409,1.0300761014223099,0.9733836054801941
1,jmstate,58,0.6295860111713409,0.7897820472717285,0.9886816740036011
1,jmstate,58,0.6295860111713409,0.8698800653219223,0.9816492199897766
1,jmstate,58,0.6295860111713409,1.0300761014223099,0.9647117257118225
1,jmstate,61,0.6295860111713409,0.7897820472717285,0.9849736094474792
1,jmstate,61,0.6295860111713409,0.8698800653219223,0.9752160906791687
1,jmstate,61,0.6295860111713409,1.0300761014223099,0.9506199955940247
1,jmstate,83,0.6295860111713409,0.7897820472717285,0.9721411466598511
1,jmstate,83,0.6295860111713409,0.8698800653219223,0.9560980200767517
1,jmstate,83,0.6295860111713409,1.0300761014223099,0.9205448627471924
1,jmstate,85,0.6295860111713409,0.7897820472717285,0.8630633354187012
1,jmstate,85,0.6295860111713409,0.8698800653219223,0.7844639420509338
1,jmstate,85,0.6295860111713409,1.0300761014223099,0.6198368072509766
1,jmstate,105,0.6295860111713409,0.7897820472717285,0.7009002566337585
1,jmstate,105,0.6295860111713409,0.8698800653219223,0.49641475081443787
1,jmstate,105,0.6295860111713409,1.0300761014223099,0.15201419591903687
1,jmstate,109,0.6295860111713409,0.7897820472717285,0.9946708679199219
1,jmstate,109,0.6295860111713409,0.8698800653219223,0.9914346933364868
1,jmstate,109,0.6295860111713409,1.0300761014223099,0.9837972521781921
1,jmstate,115,0.6295860111713409,0.7897820472717285,0.9917646646499634
1,jmstate,115,0.6295860111713409,0.8698800653219223,0.986854612827301
1,jmstate,115,0.6295860111713409,1.0300761014223099,0.9755296111106873
1,jmstate,125,0.6295860111713409,0.7897820472717285,0.7191343307495117
1,jmstate,125,0.6295860111713409,0.8698800653219223,0.5543603301048279
1,jmstate,125,0.6295860111713409,1.0300761014223099,0.2617785930633545
1,jmstate,147,0.6295860111713409,0.7897820472717285,0.9155409932136536
1,jmstate,147,0.6295860111713409,0.8698800653219223,0.8696131110191345
1,jmstate,147,0.6295860111713409,1.0300761014223099,0.7774615287780762
1,jmstate,158,0.6295860111713409,0.7897820472717285,0.6618810892105103
1,jmstate,158,0.6295860111713409,0.8698800653219223,0.4767046570777893
1,jmstate,158,0.6295860111713409,1.0300761014223099,0.18341918289661407
1,jmstate,166,0.6295860111713409,0.7897820472717285,0.9776415824890137
1,jmstate,166,0.6295860111713409,0.8698800653219223,0.9645782113075256
1,jmstate,166,0.6295860111713409,1.0300761014223099,0.935066282749176
1,jmstate,173,0.6295860111713409,0.7897820472717285,0.980637788772583
1,jmstate,173,0.6295860111713409,0.8698800653219223,0.9686434864997864
1,jmstate,173,0.6295860111713409,1.0300761014223099,0.9399747848510742
1,jmstate,174,0.6295860111713409,0.7897820472717285,0.9511288404464722
1,jmstate,174,0.6295860111713409,0.8698800653219223,0.9150381088256836
1,jmstate,174,0.6295860111713409,1.0300761014223099,0.8144545555114746
1,jmstate,181,0.6295860111713409,0.7897820472717285,0.9197225570678711
1,jmstate,181,0.6295860111713409,0.8698800653219223,0.8702121376991272
1,jmstate,181,0.6295860111713409,1.0300761014223099,0.7629557847976685
1,jmstate,197,0.6295860111713409,0.7897820472717285,0.9892571568489075
1,jmstate,197,0.6295860111713409,0.8698800653219223,0.9821946620941162
1,jmstate,197,0.6295860111713409,1.0300761014223099,0.9641175866127014
1,jmstate,198,0.6295860111713409,0.7897820472717285,0.9902420043945312
1,jmstate,198,0.6295860111713409,0.8698800653219223,0.9836832284927368
1,jmstate,198,0.6295860111713409,1.0300761014223099,0.9665291905403137
1,jmstate,210,0.6295860111713409,0.7897820472717285,0.9363742470741272
1,jmstate,210,0.6295860111713409,0.8698800653219223,0.893622636795044
1,jmstate,210,0.6295860111713409,1.0300761014223099,0.7858428955078125
1,jmstate,212,0.6295860111713409,0.7897820472717285,0.9924725890159607
1,jmstate,212,0.6295860111713409,0.8698800653219223,0.9884892106056213
1,jmstate,212,0.6295860111713409,1.0300761014223099,0.9802676439285278
1,jmstate,226,0.6295860111713409,0.7897820472717285,0.9792860746383667
1,jmstate,226,0.6295860111713409,0.8698800653219223,0.967010498046875
1,jmstate,226,0.6295860111713409,1.0300761014223099,0.9389510750770569
1,jmstate,232,0.6295860111713409,0.7897820472717285,0.9656064510345459
1,jmstate,232,0.6295860111713409,0.8698800653219223,0.9382480382919312
1,jmstate,232,0.6295860111713409,1.0300761014223099,0.8605566024780273
1,jmstate,240,0.6295860111713409,0.7897820472717285,0.990324854850769
1,jmstate,240,0.6295860111713409,0.8698800653219223,0.9841467142105103
1,jmstate,240,0.6295860111713409,1.0300761014223099,0.9688201546669006
1,jmstate,252,0.6295860111713409,0.7897820472717285,0.8223735094070435
1,jmstate,252,0.6295860111713409,0.8698800653219223,0.7402485609054565
1,jmstate,252,0.6295860111713409,1.0300761014223099,0.6043264865875244
1,jmstate,261,0.6295860111713409,0.7897820472717285,0.9193992614746094
1,jmstate,261,0.6295860111713409,0.8698800653219223,0.8724457621574402
1,jmstate,261,0.6295860111713409,1.0300761014223099,0.7716675400733948
1,jmstate,25,0.8879777491092682,0.9964954376220703,0.9962494373321533
1,jmstate,25,0.8879777491092682,1.0507542818784714,0.9941511154174805
1,jmstate,25,0.8879777491092682,1.1592719703912735,0.9896609783172607
1,jmstate,34,0.8879777491092682,0.9964954376220703,0.9805887341499329
1,jmstate,34,0.8879777491092682,1.0507542818784714,0.9687833786010742
1,jmstate,34,0.8879777491092682,1.1592719703912735,0.9413518309593201
1,jmstate,43,0.8879777491092682,0.9964954376220703,0.994126558303833
1,jmstate,43,0.8879777491092682,1.0507542818784714,0.9908272624015808
1,jmstate,43,0.8879777491092682,1.1592719703912735,0.983735203742981
1,jmstate,47,0.8879777491092682,0.9964954376220703,0.9888511300086975
1,jmstate,47,0.8879777491092682,1.0507542818784714,0.9819941520690918
1,jmstate,47,0.8879777491092682,1.1592719703912735,0.9658293128013611
1,jmstate,58,0.8879777491092682,0.9964954376220703,0.9908612370491028
1,jmstate,58,0.8879777491092682,1.0507542818784714,0.9853663444519043
1,jmstate,58,0.8879777491092682,1.1592719703912735,0.972702145576477
1,jmstate,61,0.8879777491092682,0.9964954376220703,0.991611659526825
1,jmstate,61,0.8879777491092682,1.0507542818784714,0.9866852164268494
1,jmstate,61,0.8879777491092682,1.1592719703912735,0.9756072759628296
1,jmstate,83,0.8879777491092682,0.9964954376220703,0.9812132716178894
1,jmstate,83,0.8879777491092682,1.0507542818784714,0.970673143863678
1,jmstate,83,0.8879777491092682,1.1592719703912735,0.9480979442596436
1,jmstate,85,0.8879777491092682,0.9964954376220703,0.7981225252151489
1,jmstate,85,0.8879777491092682,1.0507542818784714,0.6912292838096619
1,jmstate,85,0.8879777491092682,1.1592719703912735,0.4885890781879425
1,jmstate,115,0.8879777491092682,0.9964954376220703,0.9913448691368103
1,jmstate,115,0.8879777491092682,1.0507542818784714,0.9861419200897217
1,jmstate,115,0.8879777491092682,1.1592719703912735,0.974165678024292
1,jmstate,147,0.8879777491092682,0.9964954376220703,0.9420549273490906
1,jmstate,147,0.8879777491092682,1.0507542818784714,0.9107592701911926
1,jmstate,147,0.8879777491092682,1.1592719703912735,0.8474400043487549
1,jmstate,166,0.8879777491092682,0.9964954376220703,0.9719793200492859
1,jmstate,166,0.8879777491092682,1.0507542818784714,0.9553481936454773
1,jmstate,166,0.8879777491092682,1.1592719703912735,0.9178062081336975
1,jmstate,173,0.8879777491092682,0.9964954376220703,0.9797440767288208
1,jmstate,173,0.8879777491092682,1.0507542818784714,0.9674860835075378
1,jmstate,173,0.8879777491092682,1.1592719703912735,0.9391540288925171
1,jmstate,174,0.8879777491092682,0.9964954376220703,0.9679118990898132
1,jmstate,174,0.8879777491092682,1.0507542818784714,0.9476446509361267
1,jmstate,174,0.8879777491092682,1.1592719703912735,0.898899495601654
2,jmstate,7,0.3708520382642746,0.5827948689460755,0.9671746492385864
2,jmstate,7,0.3708520382642746,0.6887662842869758,0.9447528719902039
2,jmstate,7,0.3708520382642746,0.9007091149687767,0.8838396072387695
2,jmstate,11,0.3708520382642746,0.5827948689460755,0.9150962829589844
2,jmstate,11,0.3708520382642746,0.6887662842869758,0.8502221703529358
2,jmstate,11,0.3708520382642746,0.9007091149687767,0.6811621785163879
2,jmstate,16,0.3708520382642746,0.5827948689460755,0.9962908029556274
2,jmstate,16,0.3708520382642746,0.6887662842869758,0.9939441680908203
2,jmstate,16,0.3708520382642746,0.9007091149687767,0.9878172278404236
2,jmstate,19,0.3708520382642746,0.5827948689460755,0.9966415166854858
2,jmstate,19,0.3708520382642746,0.6887662842869758,0.9949766993522644
2,jmstate,19,0.3708520382642746,0.9007091149687767,0.9916003346443176
2,jmstate,20,0.3708520382642746,0.5827948689460755,0.022909415885806084
2,jmstate,20,0.3708520382642746,0.6887662842869758,0.006178128533065319
2,jmstate,20,0.3708520382642746,0.9007091149687767,0.001068397774361074
2,jmstate,31,0.3708520382642746,0.5827948689460755,0.9462913274765015
2,jmstate,31,0.3708520382642746,0.6887662842869758,0.9095841646194458
2,jmstate,31,0.3708520382642746,0.9007091149687767,0.8166608214378357
2,jmstate,32,0.3708520382642746,0.5827948689460755,0.9571377635002136
2,jmstate,32,0.3708520382642746,0.6887662842869758,0.9311082363128662
2,jmstate,32,0.3708520382642746,0.9007091149687767,0.8689004182815552
2,jmstate,38,0.3708520382642746,0.5827948689460755,0.9751322865486145
2,jmstate,38,0.3708520382642746,0.6887662842869758,0.9614623785018921
2,jmstate,38,0.3708520382642746,0.9007091149687767,0.9309607744216919
2,jmstate,56,0.3708520382642746,0.5827948689460755,0.6025074124336243
2,jmstate,56,0.3708520382642746,0.6887662842869758,0.3678257167339325
2,jmstate,56,0.3708520382642746,0.9007091149687767,0.12806646525859833
2,jmstate,57,0.3708520382642746,0.5827948689460755,0.9653419852256775
2,jmstate,57,0.3708520382642746,0.6887662842869758,0.9439611434936523
2,jmstate,57,0.3708520382642746,0.9007091149687767,0.8916348814964294
2,jmstate,60,0.3708520382642746,0.5827948689460755,0.9684178829193115
2,jmstate,60,0.3708520382642746,0.6887662842869758,0.9467863440513611
2,jmstate,60,0.3708520382642746,0.9007091149687767,0.8888348340988159
2,jmstate,67,0.3708520382642746,0.5827948689460755,0.9757205247879028
2,jmstate,67,0.3708520382642746,0.6887662842869758,0.9582337737083435
2,jmstate,67,0.3708520382642746,0.9007091149687767,0.9077767729759216
2,jmstate,68,0.3708520382642746,0.5827948689460755,0.9985114932060242
2,jmstate,68,0.3708520382642746,0.6887662842869758,0.9977847337722778
2,jmstate,68,0.3708520382642746,0.9007091149687767,0.9963213801383972
2,jmstate,70,0.3708520382642746,0.5827948689460755,0.9835748076438904
2,jmstate,70,0.3708520382642746,0.6887662842869758,0.9729906916618347
2,jmstate,70,0.3708520382642746,0.9007091149687767,0.9452893137931824
2,jmstate,73,0.3708520382642746,0.5827948689460755,0.9971360564231873
2,jmstate,73,0.3708520382642746,0.6887662842869758,0.9953452944755554
2,jmstate,73,0.3708520382642746,0.9007091149687767,0.9906372427940369
2,jmstate,79,0.3708520382642746,0.5827948689460755,0.9866601228713989
2,jmstate,79,0.3708520382642746,0.6887662842869758,0.9768897294998169
2,jmstate,79,0.3708520382642746,0.9007091149687767,0.9472792744636536
2,jmstate,93,0.3708520382642746,0.5827948689460755,0.9175815582275391
2,jmstate,93,0.3708520382642746,0.6887662842869758,0.8412535786628723
2,jmstate,93,0.3708520382642746,0.9007091149687767,0.620694637298584
2,jmstate,98,0.3708520382642746,0.5827948689460755,0.9960302710533142
2,jmstate,98,0.3708520382642746,0.6887662842869758,0.9935249090194702
2,jmstate,98,0.3708520382642746,0.9007091149687767,0.9870205521583557
2,jmstate,102,0.3708520382642746,0.5827948689460755,0.9755410552024841
2,jmstate,102,0.3708520382642746,0.6887662842869758,0.960507333278656
2,jmstate,102,0.3708520382642746,0.9007091149687767,0.9233050346374512
2,jmstate,112,0.3708520382642746,0.5827948689460755,0.7933877110481262
2,jmstate,112,0.3708520382642746,0.6887662842869758,0.6682396531105042
2,jmstate,112,0.3708520382642746,0.9007091149687767,0.446068674325943
2,jmstate,114,0.3708520382642746,0.5827948689460755,0.9295448064804077
2,jmstate,114,0.3708520382642746,0.6887662842869758,0.8850606083869934
2,jmstate,114,0.3708520382642746,0.9007091149687767,0.7787052989006042
2,jmstate,120,0.3708520382642746,0.5827948689460755,0.29950669407844543
2,jmstate,120,0.3708520382642746,0.6887662842869758,0.1046312153339386
2,jmstate,120,0.3708520382642746,0.9007091149687767,0.01047697477042675
2,jmstate,127,0.3708520382642746,0.5827948689460755,0.9854665398597717
2,jmstate,127,0.3708520382642746,0.6887662842869758,0.9724974036216736
2,jmstate,127,0.3708520382642746,0.9007091149687767,0.9245971441268921
2,jmstate,141,0.3708520382642746,0.5827948689460755,0.9752769470214844
2,jmstate,141,0.3708520382642746,0.6887662842869758,0.9525361657142639
2,jmstate,141,0.3708520382642746,0.9007091149687767,0.8789808750152588
2,jmstate,146,0.3708520382642746,0.5827948689460755,0.9908183813095093
2,jmstate,146,0.3708520382642746,0.6887662842869758,0.9840195178985596
2,jmstate,146,0.3708520382642746,0.9007091149687767,0.962997317314148
2,jmstate,148,0.3708520382642746,0.5827948689460755,0.9201037883758545
2,jmstate,148,0.3708520382642746,0.6887662842869758,0.8663928508758545
2,jmstate,148,0.3708520382642746,0.9007091149687767,0.7388752102851868
2,jmstate,153,0.3708520382642746,0.5827948689460755,0.9932434558868408
2,jmstate,153,0.3708520382642746,0.6887662842869758,0.9886074066162109
2,jmstate,153,0.3708520382642746,0.9007091149687767,0.9753811955451965
2,jmstate,159,0.3708520382642746,0.5827948689460755,0.7116932272911072
2,jmstate,159,0.3708520382642746,0.6887662842869758,0.520220160484314
2,jmstate,159,0.3708520382642746,0.9007091149687767,0.2499316781759262
2,jmstate,168,0.3708520382642746,0.5827948689460755,0.9958184361457825
2,jmstate,168,0.3708520382642746,0.6887662842869758,0.993290901184082
2,jmstate,168,0.3708520382642746,0.9007091149687767,0.9871194362640381
2,jmstate,177,0.3708520382642746,0.5827948689460755,0.8938954472541809
2,jmstate,177,0.3708520382642746,0.6887662842869758,0.8293964266777039
2,jmstate,177,0.3708520382642746,0.9007091149687767,0.6946174502372742
2,jmstate,185,0.3708520382642746,0.5827948689460755,0.8222161531448364
2,jmstate,185,0.3708520382642746,0.6887662842869758,0.6614409685134888
2,jmstate,185,0.3708520382642746,0.9007091149687767,0.30477529764175415
2,jmstate,194,0.3708520382642746,0.5827948689460755,0.9310458302497864
2,jmstate,194,0.3708520382642746,0.6887662842869758,0.8769148588180542
2,jmstate,194,0.3708520382642746,0.9007091149687767,0.7421796321868896
2,jmstate,199,0.3708520382642746,0.5827948689460755,0.872080385684967
2,jmstate,199,0.3708520382642746,0.6887662842869758,0.7747806310653687
2,jmstate,199,0.3708520382642746,0.9007091149687767,0.5629297494888306
2,jmstate,204,0.3708520382642746,0.5827948689460755,0.8660393953323364
2,jmstate,204,0.3708520382642746,0.6887662842869758,0.7564204335212708
2,jmstate,204,0.3708520382642746,0.9007091149687767,0.5021224021911621
2,jmstate,205,0.3708520382642746,0.5827948689460755,0.7370304465293884
2,jmstate,205,0.3708520382642746,0.6887662842869758,0.5723736882209778
2,jmstate,205,0.3708520382642746,0.9007091149687767,0.2959279417991638
2,jmstate,209,0.3708520382642746,0.5827948689460755,0.9747304320335388
2,jmstate,209,0.3708520382642746,0.6887662842869758,0.9516154527664185
2,jmstate,209,0.3708520382642746,0.9007091149687767,0.8812411427497864
2,jmstate,225,0.3708520382642746,0.5827948689460755,0.995786726474762
2,jmstate,225,0.3708520382642746,0.6887662842869758,0.9930539727210999
2,jmstate,225,0.3708520382642746,0.9007091149687767,0.985674262046814
2,jmstate,238,0.3708520382642746,0.5827948689460755,0.9736674427986145
2,jmstate,238,0.3708520382642746,0.6887662842869758,0.9535890221595764
2,jmstate,238,0.3708520382642746,0.9007091149687767,0.9003193974494934
2,jmstate,245,0.3708520382642746,0.5827948689460755,0.9943913221359253
2,jmstate,245,0.3708520382642746,0.6887662842869758,0.9902631640434265
2,jmstate,245,0.3708520382642746,0.9007091149687767,0.9775018692016602
2,jmstate,246,0.3708520382642746,0.5827948689460755,0.8385441303253174
2,jmstate,246,0.3708520382642746,0.6887662842869758,0.682485044002533
2,jmstate,246,0.3708520382642746,0.9007091149687767,0.32190820574760437
2,jmstate,249,0.3708520382642746,0.5827948689460755,0.9652020335197449
2,jmstate,249,0.3708520382642746,0.6887662842869758,0.9363812208175659
2,jmstate,249,0.3708520382642746,0.9007091149687767,0.8588170409202576
2,jmstate,259,0.3708520382642746,0.5827948689460755,0.47597479820251465
2,jmstate,259,0.3708520382642746,0.6887662842869758,0.28067976236343384
2,jmstate,259,0.3708520382642746,0.9007091149687767,0.09024007618427277
2,jmstate,272,0.3708520382642746,0.5827948689460755,0.9973325133323669
2,jmstate,272,0.3708520382642746,0.6887662842869758,0.9957072734832764
2,jmstate,272,0.3708520382642746,0.9007091149687767,0.9915478825569153
2,jmstate,273,0.3708520382642746,0.5827948689460755,0.6394571661949158
2,jmstate,273,0.3708520382642746,0.6887662842869758,0.476346880197525
2,jmstate,273,0.3708520382642746,0.9007091149687767,0.27154478430747986
2,jmstate,282,0.3708520382642746,0.5827948689460755,0.9844949245452881
2,jmstate,282,0.3708520382642746,0.6887662842869758,0.9715821743011475
2,jmstate,282,0.3708520382642746,0.9007091149687767,0.9278448224067688
2,jmstate,296,0.3708520382642746,0.5827948689460755,0.9920843243598938
2,jmstate,296,0.3708520382642746,0.6887662842869758,0.9845001101493835
2,jmstate,296,0.3708520382642746,0.9007091149687767,0.9538531303405762
2,jmstate,299,0.3708520382642746,0.5827948689460755,0.8954490423202515
2,jmstate,299,0.3708520382642746,0.6887662842869758,0.8193751573562622
2,jmstate,299,0.3708520382642746,0.9007091149687767,0.6706611514091492
2,jmstate,302,0.3708520382642746,0.5827948689460755,0.9944459199905396
2,jmstate,302,0.3708520382642746,0.6887662842869758,0.9907516241073608
2,jmstate,302,0.3708520382642746,0.9007091149687767,0.980596125125885
2,jmstate,305,0.3708520382642746,0.5827948689460755,0.9658541679382324
2,jmstate,305,0.3708520382642746,0.6887662842869758,0.9450785517692566
2,jmstate,305,0.3708520382642746,0.9007091149687767,0.8948760032653809
2,jmstate,7,0.6295860111713409,0.7897820472717285,0.9702141880989075
2,jmstate,7,0.6295860111713409,0.8698800653219223,0.9522725343704224
2,jmstate,7,0.6295860111713409,1.0300761014223099,0.9100423455238342
2,jmstate,11,0.6295860111713409,0.7897820472717285,0.8924235105514526
2,jmstate,11,0.6295860111713409,0.8698800653219223,0.8220182061195374
2,jmstate,11,0.6295860111713409,1.0300761014223099,0.6540704965591431
2,jmstate,16,0.6295860111713409,0.7897820472717285,0.9965234398841858
2,jmstate,16,0.6295860111713409,0.8698800653219223,0.9943884015083313
2,jmstate,16,0.6295860111713409,1.0300761014223099,0.989180862903595
2,jmstate,19,0.6295860111713409,0.7897820472717285,0.9971489310264587
2,jmstate,19,0.6295860111713409,0.8698800653219223,0.9956304430961609
2,jmstate,19,0.6295860111713409,1.0300761014223099,0.9924466013908386
2,jmstate,31,0.6295860111713409,0.7897820472717285,0.9786704182624817
2,jmstate,31,0.6295860111713409,0.8698800653219223,0.966967761516571
2,jmstate,31,0.6295860111713409,1.0300761014223099,0.941742479801178
2,jmstate,32,0.6295860111713409,0.7897820472717285,0.9838818311691284
2,jmstate,32,0.6295860111713409,0.8698800653219223,0.975559413433075
2,jmstate,32,0.6295860111713409,1.0300761014223099,0.9586379528045654
2,jmstate,38,0.6295860111713409,0.7897820472717285,0.9899638295173645
2,jmstate,38,0.6295860111713409,0.8698800653219223,0.9851098656654358
2,jmstate,38,0.6295860111713409,1.0300761014223099,0.975823163986206
2,jmstate,57,0.6295860111713409,0.7897820472717285,0.9214176535606384
2,jmstate,57,0.6295860111713409,0.8698800653219223,0.8701021671295166
2,jmstate,57,0.6295860111713409,1.0300761014223099,0.7435145378112793
2,jmstate,60,0.6295860111713409,0.7897820472717285,0.9862693548202515
2,jmstate,60,0.6295860111713409,0.8698800653219223,0.9787715077400208
2,jmstate,60,0.6295860111713409,1.0300761014223099,0.9626884460449219
2,jmstate,67,0.6295860111713409,0.7897820472717285,0.9752171039581299
2,jmstate,67,0.6295860111713409,0.8698800653219223,0.9596142172813416
2,jmstate,67,0.6295860111713409,1.0300761014223099,0.921172559261322
2,jmstate,68,0.6295860111713409,0.7897820472717285,0.9978865385055542
2,jmstate,68,0.6295860111713409,0.8698800653219223,0.9966636300086975
2,jmstate,68,0.6295860111713409,1.0300761014223099,0.993870735168457
2,jmstate,70,0.6295860111713409,0.7897820472717285,0.9741637110710144
2,jmstate,70,0.6295860111713409,0.8698800653219223,0.9574376940727234
2,jmstate,70,0.6295860111713409,1.0300761014223099,0.9151040315628052
2,jmstate,73,0.6295860111713409,0.7897820472717285,0.9978559017181396
2,jmstate,73,0.6295860111713409,0.8698800653219223,0.9966601133346558
2,jmstate,73,0.6295860111713409,1.0300761014223099,0.9940352439880371
2,jmstate,79,0.6295860111713409,0.7897820472717285,0.9881221055984497
2,jmstate,79,0.6295860111713409,0.8698800653219223,0.9806555509567261
2,jmstate,79,0.6295860111713409,1.0300761014223099,0.9620460867881775
2,jmstate,93,0.6295860111713409,0.7897820472717285,0.27434515953063965
2,jmstate,93,0.6295860111713409,0.8698800653219223,0.09757712483406067
2,jmstate,93,0.6295860111713409,1.0300761014223099,0.011687207035720348
2,jmstate,98,0.6295860111713409,0.7897820472717285,0.9986616373062134
2,jmstate,98,0.6295860111713409,0.8698800653219223,0.9979914426803589
2,jmstate,98,0.6295860111713409,1.0300761014223099,0.9966679215431213
2,jmstate,102,0.6295860111713409,0.7897820472717285,0.9841840267181396
2,jmstate,102,0.6295860111713409,0.8698800653219223,0.9752821922302246
2,jmstate,102,0.6295860111713409,1.0300761014223099,0.9555114507675171
2,jmstate,112,0.6295860111713409,0.7897820472717285,0.8318631052970886
2,jmstate,112,0.6295860111713409,0.8698800653219223,0.7411743998527527
2,jmstate,112,0.6295860111713409,1.0300761014223099,0.5619288682937622
2,jmstate,114,0.6295860111713409,0.7897820472717285,0.9501910209655762
2,jmstate,114,0.6295860111713409,0.8698800653219223,0.922637939453125
2,jmstate,114,0.6295860111713409,1.0300761014223099,0.863640546798706
2,jmstate,127,0.6295860111713409,0.7897820472717285,0.9845637083053589
2,jmstate,127,0.6295860111713409,0.8698800653219223,0.9736765623092651
2,jmstate,127,0.6295860111713409,1.0300761014223099,0.9433650970458984
2,jmstate,141,0.6295860111713409,0.7897820472717285,0.9670302867889404
2,jmstate,141,0.6295860111713409,0.8698800653219223,0.9431248903274536
2,jmstate,141,0.6295860111713409,1.0300761014223099,0.8837204575538635
2,jmstate,146,0.6295860111713409,0.7897820472717285,0.9858061671257019
2,jmstate,146,0.6295860111713409,0.8698800653219223,0.9759723544120789
2,jmstate,146,0.6295860111713409,1.0300761014223099,0.9490247964859009
2,jmstate,153,0.6295860111713409,0.7897820472717285,0.9967654347419739
2,jmstate,153,0.6295860111713409,0.8698800653219223,0.99500572681427
2,jmstate,153,0.6295860111713409,1.0300761014223099,0.9912442564964294
2,jmstate,168,0.6295860111713409,0.7897820472717285,0.9949535727500916
2,jmstate,168,0.6295860111713409,0.8698800653219223,0.9918898344039917
2,jmstate,168,0.6295860111713409,1.0300761014223099,0.9845094680786133
2,jmstate,177,0.6295860111713409,0.7897820472717285,0.8720448613166809
2,jmstate,177,0.6295860111713409,0.8698800653219223,0.8088202476501465
2,jmstate,177,0.6295860111713409,1.0300761014223099,0.6933324933052063
2,jmstate,185,0.6295860111713409,0.7897820472717285,0.6236600875854492
2,jmstate,185,0.6295860111713409,0.8698800653219223,0.4359561502933502
2,jmstate,185,0.6295860111713409,1.0300761014223099,0.18408682942390442
2,jmstate,194,0.6295860111713409,0.7897820472717285,0.9833504557609558
2,jmstate,194,0.6295860111713409,0.8698800653219223,0.9738218188285828
2,jmstate,194,0.6295860111713409,1.0300761014223099,0.9523227214813232
2,jmstate,199,0.6295860111713409,0.7897820472717285,0.7604838609695435
2,jmstate,199,0.6295860111713409,0.8698800653219223,0.6532659530639648
2,jmstate,199,0.6295860111713409,1.0300761014223099,0.4890086352825165
2,jmstate,209,0.6295860111713409,0.7897820472717285,0.9649127125740051
2,jmstate,209,0.6295860111713409,0.8698800653219223,0.9401562213897705
2,jmstate,209,0.6295860111713409,1.0300761014223099,0.8831444978713989
2,jmstate,225,0.6295860111713409,0.7897820472717285,0.9902206063270569
2,jmstate,225,0.6295860111713409,0.8698800653219223,0.9835287928581238
2,jmstate,225,0.6295860111713409,1.0300761014223099,0.9653269648551941
2,jmstate,245,0.6295860111713409,0.7897820472717285,0.9894654750823975
2,jmstate,245,0.6295860111713409,0.8698800653219223,0.9811550974845886
2,jmstate,245,0.6295860111713409,1.0300761014223099,0.9570169448852539
2,jmstate,249,0.6295860111713409,0.7897820472717285,0.959947943687439
2,jmstate,249,0.6295860111713409,0.8698800653219223,0.9329587817192078
2,jmstate,249,0.6295860111713409,1.0300761014223099,0.8696234226226807
2,jmstate,11,0.8879777491092682,0.9964954376220703,0.886724591255188
2,jmstate,11,0.8879777491092682,1.0507542818784714,0.8221709132194519
2,jmstate,11,0.8879777491092682,1.1592719703912735,0.6837190985679626
2,jmstate,16,0.8879777491092682,0.9964954376220703,0.9976374506950378
2,jmstate,16,0.8879777491092682,1.0507542818784714,0.9963135123252869
2,jmstate,16,0.8879777491092682,1.1592719703912735,0.9934157133102417
2,jmstate,19,0.8879777491092682,0.9964954376220703,0.9979893565177917
2,jmstate,19,0.8879777491092682,1.0507542818784714,0.9969396591186523
2,jmstate,19,0.8879777491092682,1.1592719703912735,0.9948045611381531
2,jmstate,31,0.8879777491092682,0.9964954376220703,0.9849324822425842
2,jmstate,31,0.8879777491092682,1.0507542818784714,0.976825475692749
2,jmstate,31,0.8879777491092682,1.1592719703912735,0.9598419070243835
2,jmstate,32,0.8879777491092682,0.9964954376220703,0.9919808506965637
2,jmstate,32,0.8879777491092682,1.0507542818784714,0.9878053069114685
2,jmstate,32,0.8879777491092682,1.1592719703912735,0.9792946577072144
2,jmstate,38,0.8879777491092682,0.9964954376220703,0.9824873208999634
2,jmstate,38,0.8879777491092682,1.0507542818784714,0.972807765007019
2,jmstate,38,0.8879777491092682,1.1592719703912735,0.9519667625427246
2,jmstate,57,0.8879777491092682,0.9964954376220703,0.8698363900184631
2,jmstate,57,0.8879777491092682,1.0507542818784714,0.7954308986663818
2,jmstate,57,0.8879777491092682,1.1592719703912735,0.6371178030967712
2,jmstate,60,0.8879777491092682,0.9964954376220703,0.9911083579063416
2,jmstate,60,0.8879777491092682,1.0507542818784714,0.9863463640213013
2,jmstate,60,0.8879777491092682,1.1592719703912735,0.9763999581336975
2,jmstate,68,0.8879777491092682,0.9964954376220703,0.9973131418228149
2,jmstate,68,0.8879777491092682,1.0507542818784714,0.995746910572052
2,jmstate,68,0.8879777491092682,1.1592719703912735,0.9921766519546509
2,jmstate,70,0.8879777491092682,0.9964954376220703,0.9195543527603149
2,jmstate,70,0.8879777491092682,1.0507542818784714,0.8693705797195435
2,jmstate,70,0.8879777491092682,1.1592719703912735,0.7505738735198975
2,jmstate,73,0.8879777491092682,0.9964954376220703,0.9987768530845642
2,jmstate,73,0.8879777491092682,1.0507542818784714,0.9981203079223633
2,jmstate,73,0.8879777491092682,1.1592719703912735,0.9967455267906189
2,jmstate,79,0.8879777491092682,0.9964954376220703,0.9878547191619873
2,jmstate,79,0.8879777491092682,1.0507542818784714,0.9807745814323425
2,jmstate,79,0.8879777491092682,1.1592719703912735,0.9646847248077393
2,jmstate,93,0.8879777491092682,0.9964954376220703,0.13350103795528412
2,jmstate,93,0.8879777491092682,1.0507542818784714,0.03147584944963455
2,jmstate,93,0.8879777491092682,1.1592719703912735,0.0007523339590989053
2,jmstate,98,0.8879777491092682,0.9964954376220703,0.9994614720344543
2,jmstate,98,0.8879777491092682,1.0507542818784714,0.999201238155365
2,jmstate,98,0.8879777491092682,1.1592719703912735,0.9987115859985352
2,jmstate,102,0.8879777491092682,0.9964954376220703,0.9868887662887573
2,jmstate,102,0.8879777491092682,1.0507542818784714,0.9797961115837097
2,jmstate,102,0.8879777491092682,1.1592719703912735,0.9648582339286804
2,jmstate,112,0.8879777491092682,0.9964954376220703,0.8921770453453064
2,jmstate,112,0.8879777491092682,1.0507542818784714,0.8360375165939331
2,jmstate,112,0.8879777491092682,1.1592719703912735,0.724228024482727
2,jmstate,114,0.8879777491092682,0.9964954376220703,0.9403095245361328
2,jmstate,114,0.8879777491092682,1.0507542818784714,0.9080944061279297
2,jmstate,114,0.8879777491092682,1.1592719703912735,0.8409292697906494
2,jmstate,127,0.8879777491092682,0.9964954376220703,0.9722818732261658
2,jmstate,127,0.8879777491092682,1.0507542818784714,0.9541672468185425
2,jmstate,127,0.8879777491092682,1.1592719703912735,0.9082099795341492
2,jmstate,141,0.8879777491092682,0.9964954376220703,0.9683840870857239
2,jmstate,141,0.8879777491092682,1.0507542818784714,0.9493981599807739
2,jmstate,141,0.8879777491092682,1.1592719703912735,0.9074868559837341
2,jmstate,153,0.8879777491092682,0.9964954376220703,0.9979817271232605
2,jmstate,153,0.8879777491092682,1.0507542818784714,0.9969136118888855
2,jmstate,153,0.8879777491092682,1.1592719703912735,0.9947101473808289
2,jmstate,168,0.8879777491092682,0.9964954376220703,0.995107114315033
2,jmstate,168,0.8879777491092682,1.0507542818784714,0.992307722568512
2,jmstate,168,0.8879777491092682,1.1592719703912735,0.9860543608665466
2,jmstate,177,0.8879777491092682,0.9964954376220703,0.9079528450965881
2,jmstate,177,0.8879777491092682,1.0507542818784714,0.8630845546722412
2,jmstate,177,0.8879777491092682,1.1592719703912735,0.7791206240653992
3,jmstate,13,0.3708520382642746,0.5827948689460755,0.9688982963562012
3,jmstate,13,0.3708520382642746,0.6887662842869758,0.9419592618942261
3,jmstate,13,0.3708520382642746,0.9007091149687767,0.8539156913757324
3,jmstate,29,0.3708520382642746,0.5827948689460755,0.9767603874206543
3,jmstate,29,0.3708520382642746,0.6887662842869758,0.9631471037864685
3,jmstate,29,0.3708520382642746,0.9007091149687767,0.9325012564659119
3,jmstate,36,0.3708520382642746,0.5827948689460755,0.9818479418754578
3,jmstate,36,0.3708520382642746,0.6887662842869758,0.9683523178100586
3,jmstate,36,0.3708520382642746,0.9007091149687767,0.9291916489601135
3,jmstate,39,0.3708520382642746,0.5827948689460755,0.9830857515335083
3,jmstate,39,0.3708520382642746,0.6887662842869758,0.9712498784065247
3,jmstate,39,0.3708520382642746,0.9007091149687767,0.9387151002883911
3,jmstate,42,0.3708520382642746,0.5827948689460755,0.949255645275116
3,jmstate,42,0.3708520382642746,0.6887662842869758,0.9085192084312439
3,jmstate,42,0.3708520382642746,0.9007091149687767,0.7881683707237244
3,jmstate,52,0.3708520382642746,0.5827948689460755,0.39073264598846436
3,jmstate,52,0.3708520382642746,0.6887662842869758,0.1733296513557434
3,jmstate,52,0.3708520382642746,0.9007091149687767,0.026139233261346817
3,jmstate,66,0.3708520382642746,0.5827948689460755,0.9239941239356995
3,jmstate,66,0.3708520382642746,0.6887662842869758,0.8603036999702454
3,jmstate,66,0.3708520382642746,0.9007091149687767,0.6808314323425293
3,jmstate,84,0.3708520382642746,0.5827948689460755,0.9794004559516907
3,jmstate,84,0.3708520382642746,0.6887662842869758,0.9631684422492981
3,jmstate,84,0.3708520382642746,0.9007091149687767,0.9142678380012512
3,jmstate,86,0.3708520382642746,0.5827948689460755,0.5668217539787292
3,jmstate,86,0.3708520382642746,0.6887662842869758,0.4026215672492981
3,jmstate,86,0.3708520382642746,0.9007091149687767,0.2221945971250534
3,jmstate,90,0.3708520382642746,0.5827948689460755,0.7360619306564331
3,jmstate,90,0.3708520382642746,0.6887662842869758,0.5025340914726257
3,jmstate,90,0.3708520382642746,0.9007091149687767,0.14139731228351593
3,jmstate,96,0.3708520382642746,0.5827948689460755,0.9909353256225586
3,jmstate,96,0.3708520382642746,0.6887662842869758,0.9855517148971558
3,jmstate,96,0.3708520382642746,0.9007091149687767,0.973073422908783
3,jmstate,108,0.3708520382642746,0.5827948689460755,0.9940080642700195
3,jmstate,108,0.3708520382642746,0.6887662842869758,0.990108072757721
3,jmstate,108,0.3708520382642746,0.9007091149687767,0.9800168871879578
3,jmstate,116,0.3708520382642746,0.5827948689460755,0.9709473848342896
3,jmstate,116,0.3708520382642746,0.6887662842869758,0.9581525325775146
3,jmstate,116,0.3708520382642746,0.9007091149687767,0.936194121837616
3,jmstate,118,0.3708520382642746,0.5827948689460755,0.7704716324806213
3,jmstate,118,0.3708520382642746,0.6887662842869758,0.6215061545372009
3,jmstate,118,0.3708520382642746,0.9007091149687767,0.35088256001472473
3,jmstate,130,0.3708520382642746,0.5827948689460755,0.4153435528278351
3,jmstate,130,0.3708520382642746,0.6887662842869758,0.22957965731620789
3,jmstate,130,0.3708520382642746,0.9007091149687767,0.06772032380104065
3,jmstate,132,0.3708520382642746,0.5827948689460755,0.9825570583343506
3,jmstate,132,0.3708520382642746,0.6887662842869758,0.9708880186080933
3,jmstate,132,0.3708520382642746,0.9007091149687767,0.940109133720398
3,jmstate,133,0.3708520382642746,0.5827948689460755,0.5484327673912048
3,jmstate,133,0.3708520382642746,0.6887662842869758,0.32948020100593567
3,jmstate,133,0.3708520382642746,0.9007091149687767,0.09244602173566818
3,jmstate,134,0.3708520382642746,0.5827948689460755,0.9912096858024597
3,jmstate,134,0.3708520382642746,0.6887662842869758,0.9856129288673401
3,jmstate,134,0.3708520382642746,0.9007091149687767,0.9715331196784973
3,jmstate,137,0.3708520382642746,0.5827948689460755,0.9529935717582703
3,jmstate,137,0.3708520382642746,0.6887662842869758,0.9219350814819336
3,jmstate,137,0.3708520382642746,0.9007091149687767,0.8447274565696716
3,jmstate,140,0.3708520382642746,0.5827948689460755,0.9838432669639587
3,jmstate,140,0.3708520382642746,0.6887662842869758,0.9728143811225891
3,jmstate,140,0.3708520382642746,0.9007091149687767,0.9431725740432739
3,jmstate,145,0.3708520382642746,0.5827948689460755,0.986886203289032
3,jmstate,145,0.3708520382642746,0.6887662842869758,0.9780071973800659
3,jmstate,145,0.3708520382642746,0.9007091149687767,0.9544405937194824
3,jmstate,155,0.3708520382642746,0.5827948689460755,0.9841126799583435
3,jmstate,155,0.3708520382642746,0.6887662842869758,0.9703227281570435
3,jmstate,155,0.3708520382642746,0.9007091149687767,0.9233595132827759
3,jmstate,160,0.3708520382642746,0.5827948689460755,0.9820439219474792
3,jmstate,160,0.3708520382642746,0.6887662842869758,0.9702383875846863
3,jmstate,160,0.3708520382642746,0.9007091149687767,0.939983069896698
3,jmstate,171,0.3708520382642746,0.5827948689460755,0.9897786974906921
3,jmstate,171,0.3708520382642746,0.6887662842869758,0.9831761121749878
3,jmstate,171,0.3708520382642746,0.9007091149687767,0.9664015173912048
3,jmstate,178,0.3708520382642746,0.5827948689460755,0.9372310638427734
3,jmstate,178,0.3708520382642746,0.6887662842869758,0.8914512395858765
3,jmstate,178,0.3708520382642746,0.9007091149687767,0.7699988484382629
3,jmstate,179,0.3708520382642746,0.5827948689460755,0.9242562651634216
3,jmstate,179,0.3708520382642746,0.6887662842869758,0.8618967533111572
3,jmstate,179,0.3708520382642746,0.9007091149687767,0.704921543598175
3,jmstate,180,0.3708520382642746,0.5827948689460755,0.7936627864837646
3,jmstate,180,0.3708520382642746,0.6887662842869758,0.6637729406356812
3,jmstate,180,0.3708520382642746,0.9007091149687767,0.4140390157699585
3,jmstate,182,0.3708520382642746,0.5827948689460755,0.9831664562225342
3,jmstate,182,0.3708520382642746,0.6887662842869758,0.9721792936325073
3,jmstate,182,0.3708520382642746,0.9007091149687767,0.9440915584564209
3,jmstate,195,0.3708520382642746,0.5827948689460755,0.8401095271110535
3,jmstate,195,0.3708520382642746,0.6887662842869758,0.7230628132820129
3,jmstate,195,0.3708520382642746,0.9007091149687767,0.5082550048828125
3,jmstate,196,0.3708520382642746,0.5827948689460755,0.9189292788505554
3,jmstate,196,0.3708520382642746,0.6887662842869758,0.8597752451896667
3,jmstate,196,0.3708520382642746,0.9007091149687767,0.7072765231132507
3,jmstate,203,0.3708520382642746,0.5827948689460755,0.9944921731948853
3,jmstate,203,0.3708520382642746,0.6887662842869758,0.9908391833305359
3,jmstate,203,0.3708520382642746,0.9007091149687767,0.9813805222511292
3,jmstate,207,0.3708520382642746,0.5827948689460755,0.9543509483337402
3,jmstate,207,0.3708520382642746,0.6887662842869758,0.9247256517410278
3,jmstate,207,0.3708520382642746,0.9007091149687767,0.8523890376091003
3,jmstate,211,0.3708520382642746,0.5827948689460755,0.8486426472663879
3,jmstate,211,0.3708520382642746,0.6887662842869758,0.7279661893844604
3,jmstate,211,0.3708520382642746,0.9007091149687767,0.44497162103652954
3,jmstate,219,0.3708520382642746,0.5827948689460755,0.9168386459350586
3,jmstate,219,0.3708520382642746,0.6887662842869758,0.8454006910324097
3,jmstate,219,0.3708520382642746,0.9007091149687767,0.6377106308937073
3,jmstate,221,0.3708520382642746,0.5827948689460755,0.9028225541114807
3,jmstate,221,0.3708520382642746,0.6887662842869758,0.8170033097267151
3,jmstate,221,0.3708520382642746,0.9007091149687767,0.5796541571617126
3,jmstate,224,0.3708520382642746,0.5827948689460755,0.9005773663520813
3,jmstate,224,0.3708520382642746,0.6887662842869758,0.7943598628044128
3,jmstate,224,0.3708520382642746,0.9007091149687767,0.4601743221282959
3,jmstate,230,0.3708520382642746,0.5827948689460755,0.9425545930862427
3,jmstate,230,0.3708520382642746,0.6887662842869758,0.8985381126403809
3,jmstate,230,0.3708520382642746,0.9007091149687767,0.778287410736084
3,jmstate,234,0.3708520382642746,0.5827948689460755,0.9787254929542542
3,jmstate,234,0.3708520382642746,0.6887662842869758,0.9592515826225281
3,jmstate,234,0.3708520382642746,0.9007091149687767,0.8922324776649475
3,jmstate,235,0.3708520382642746,0.5827948689460755,0.39115196466445923
3,jmstate,235,0.3708520382642746,0.6887662842869758,0.23523548245429993
3,jmstate,235,0.3708520382642746,0.9007091149687767,0.08790095150470734
3,jmstate,248,0.3708520382642746,0.5827948689460755,0.9810592532157898
3,jmstate,248,0.3708520382642746,0.6887662842869758,0.9696220755577087
3,jmstate,248,0.3708520382642746,0.9007091149687767,0.9428007006645203
3,jmstate,256,0.3708520382642746,0.5827948689460755,0.9877051115036011
3,jmstate,256,0.3708520382642746,0.6887662842869758,0.9774397015571594
3,jmstate,256,0.3708520382642746,0.9007091149687767,0.9433496594429016
3,jmstate,269,0.3708520382642746,0.5827948689460755,0.25907865166664124
3,jmstate,269,0.3708520382642746,0.6887662842869758,0.10748139768838882
3,jmstate,269,0.3708520382642746,0.9007091149687767,0.023268530145287514
3,jmstate,270,0.3708520382642746,0.5827948689460755,0.9867339134216309
3,jmstate,270,0.3708520382642746,0.6887662842869758,0.974770188331604
3,jmstate,270,0.3708520382642746,0.9007091149687767,0.9319941997528076
3,jmstate,283,0.3708520382642746,0.5827948689460755,0.893640398979187
3,jmstate,283,0.3708520382642746,0.6887662842869758,0.8213955760002136
3,jmstate,283,0.3708520382642746,0.9007091149687767,0.6667472720146179
3,jmstate,298,0.3708520382642746,0.5827948689460755,0.8200594186782837
3,jmstate,298,0.3708520382642746,0.6887662842869758,0.6945255398750305
3,jmstate,298,0.3708520382642746,0.9007091149687767,0.46856704354286194
3,jmstate,301,0.3708520382642746,0.5827948689460755,0.9721288681030273
3,jmstate,301,0.3708520382642746,0.6887662842869758,0.9498984813690186
3,jmstate,301,0.3708520382642746,0.9007091149687767,0.882342517375946
3,jmstate,308,0.3708520382642746,0.5827948689460755,0.9274895191192627
3,jmstate,308,0.3708520382642746,0.6887662842869758,0.8621450662612915
3,jmstate,308,0.3708520382642746,0.9007091149687767,0.6621740460395813
3,jmstate,13,0.6295860111713409,0.7897820472717285,0.9802712798118591
3,jmstate,13,0.6295860111713409,0.8698800653219223,0.9665830731391907
3,jmstate,13,0.6295860111713409,1.0300761014223099,0.9307711720466614
3,jmstate,29,0.6295860111713409,0.7897820472717285,0.9766884446144104
3,jmstate,29,0.6295860111713409,0.8698800653219223,0.962185800075531
3,jmstate,29,0.6295860111713409,1.0300761014223099,0.9283412098884583
3,jmstate,36,0.6295860111713409,0.7897820472717285,0.977207601070404
3,jmstate,36,0.6295860111713409,0.8698800653219223,0.9609968066215515
3,jmstate,36,0.6295860111713409,1.0300761014223099,0.9175499677658081
3,jmstate,42,0.6295860111713409,0.7897820472717285,0.9484029412269592
3,jmstate,42,0.6295860111713409,0.8698800653219223,0.9112585783004761
3,jmstate,42,0.6295860111713409,1.0300761014223099,0.8129170536994934
3,jmstate,52,0.6295860111713409,0.7897820472717285,0.35294440388679504
3,jmstate,52,0.6295860111713409,0.8698800653219223,0.15498678386211395
3,jmstate,52,0.6295860111713409,1.0300761014223099,0.018663138151168823
3,jmstate,66,0.6295860111713409,0.7897820472717285,0.9393438696861267
3,jmstate,66,0.6295860111713409,0.8698800653219223,0.8969012498855591
3,jmstate,66,0.6295860111713409,1.0300761014223099,0.7883261442184448
3,jmstate,84,0.6295860111713409,0.7897820472717285,0.9688537120819092
3,jmstate,84,0.6295860111713409,0.8698800653219223,0.9451845288276672
3,jmstate,84,0.6295860111713409,1.0300761014223099,0.881989061832428
3,jmstate,90,0.6295860111713409,0.7897820472717285,0.5296531319618225
3,jmstate,90,0.6295860111713409,0.8698800653219223,0.2809527516365051
3,jmstate,90,0.6295860111713409,1.0300761014223099,0.03292779251933098
3,jmstate,96,0.6295860111713409,0.7897820472717285,0.9915409684181213
3,jmstate,96,0.6295860111713409,0.8698800653219223,0.9863870143890381
3,jmstate,96,0.6295860111713409,1.0300761014223099,0.9745636582374573
3,jmstate,108,0.6295860111713409,0.7897820472717285,0.9940682649612427
3,jmstate,108,0.6295860111713409,0.8698800653219223,0.9902862906455994
3,jmstate,108,0.6295860111713409,1.0300761014223099,0.9811784029006958
3,jmstate,116,0.6295860111713409,0.7897820472717285,0.980527400970459
3,jmstate,116,0.6295860111713409,0.8698800653219223,0.9706676006317139
3,jmstate,116,0.6295860111713409,1.0300761014223099,0.9518772959709167
3,jmstate,132,0.6295860111713409,0.7897820472717285,0.9866700768470764
3,jmstate,132,0.6295860111713409,0.8698800653219223,0.9784536361694336
3,jmstate,132,0.6295860111713409,1.0300761014223099,0.9593421220779419
3,jmstate,133,0.6295860111713409,0.7897820472717285,0.6103700995445251
3,jmstate,133,0.6295860111713409,0.8698800653219223,0.4194956123828888
3,jmstate,133,0.6295860111713409,1.0300761014223099,0.1568535566329956
3,jmstate,134,0.6295860111713409,0.7897820472717285,0.9920276999473572
3,jmstate,134,0.6295860111713409,0.8698800653219223,0.9870355129241943
3,jmstate,134,0.6295860111713409,1.0300761014223099,0.9752285480499268
3,jmstate,137,0.6295860111713409,0.7897820472717285,0.9808689951896667
3,jmstate,137,0.6295860111713409,0.8698800653219223,0.9699811339378357
3,jmstate,137,0.6295860111713409,1.0300761014223099,0.946702241897583
3,jmstate,140,0.6295860111713409,0.7897820472717285,0.9922824501991272
3,jmstate,140,0.6295860111713409,0.8698800653219223,0.987797200679779
3,jmstate,140,0.6295860111713409,1.0300761014223099,0.9779984354972839
3,jmstate,145,0.6295860111713409,0.7897820472717285,0.9895265102386475
3,jmstate,145,0.6295860111713409,0.8698800653219223,0.9826249480247498
3,jmstate,145,0.6295860111713409,1.0300761014223099,0.9653334617614746
3,jmstate,155,0.6295860111713409,0.7897820472717285,0.9698610305786133
3,jmstate,155,0.6295860111713409,0.8698800653219223,0.9484912753105164
3,jmstate,155,0.6295860111713409,1.0300761014223099,0.8980808854103088
3,jmstate,160,0.6295860111713409,0.7897820472717285,0.9848878383636475
3,jmstate,160,0.6295860111713409,0.8698800653219223,0.9753754734992981
3,jmstate,160,0.6295860111713409,1.0300761014223099,0.9528562426567078
3,jmstate,171,0.6295860111713409,0.7897820472717285,0.986338198184967
3,jmstate,171,0.6295860111713409,0.8698800653219223,0.977257490158081
3,jmstate,171,0.6295860111713409,1.0300761014223099,0.9545132517814636
3,jmstate,178,0.6295860111713409,0.7897820472717285,0.9488829374313354
3,jmstate,178,0.6295860111713409,0.8698800653219223,0.9154570698738098
3,jmstate,178,0.6295860111713409,1.0300761014223099,0.8359915018081665
3,jmstate,179,0.6295860111713409,0.7897820472717285,0.8984823226928711
3,jmstate,179,0.6295860111713409,0.8698800653219223,0.8357272148132324
3,jmstate,179,0.6295860111713409,1.0300761014223099,0.7160898447036743
3,jmstate,180,0.6295860111713409,0.7897820472717285,0.7718591690063477
3,jmstate,180,0.6295860111713409,0.8698800653219223,0.63963383436203
3,jmstate,180,0.6295860111713409,1.0300761014223099,0.3870853781700134
3,jmstate,182,0.6295860111713409,0.7897820472717285,0.9878309965133667
3,jmstate,182,0.6295860111713409,0.8698800653219223,0.9802594780921936
3,jmstate,182,0.6295860111713409,1.0300761014223099,0.9624190926551819
3,jmstate,195,0.6295860111713409,0.7897820472717285,0.8393864035606384
3,jmstate,195,0.6295860111713409,0.8698800653219223,0.7498438954353333
3,jmstate,195,0.6295860111713409,1.0300761014223099,0.5980108976364136
3,jmstate,196,0.6295860111713409,0.7897820472717285,0.899425208568573
3,jmstate,196,0.6295860111713409,0.8698800653219223,0.8315455317497253
3,jmstate,196,0.6295860111713409,1.0300761014223099,0.6685677170753479
3,jmstate,203,0.6295860111713409,0.7897820472717285,0.9940633773803711
3,jmstate,203,0.6295860111713409,0.8698800653219223,0.9900758266448975
3,jmstate,203,0.6295860111713409,1.0300761014223099,0.9799135327339172
3,jmstate,207,0.6295860111713409,0.7897820472717285,0.9634549617767334
3,jmstate,207,0.6295860111713409,0.8698800653219223,0.9407787919044495
3,jmstate,207,0.6295860111713409,1.0300761014223099,0.8883158564567566
3,jmstate,211,0.6295860111713409,0.7897820472717285,0.7967437505722046
3,jmstate,211,0.6295860111713409,0.8698800653219223,0.6603894829750061
3,jmstate,211,0.6295860111713409,1.0300761014223099,0.37570738792419434
3,jmstate,219,0.6295860111713409,0.7897820472717285,0.9303847551345825
3,jmstate,219,0.6295860111713409,0.8698800653219223,0.8805607557296753
3,jmstate,219,0.6295860111713409,1.0300761014223099,0.75322425365448
3,jmstate,221,0.6295860111713409,0.7897820472717285,0.9383561611175537
3,jmstate,221,0.6295860111713409,0.8698800653219223,0.8956019282341003
3,jmstate,221,0.6295860111713409,1.0300761014223099,0.7882757186889648
3,jmstate,224,0.6295860111713409,0.7897820472717285,0.7890731692314148
3,jmstate,224,0.6295860111713409,0.8698800653219223,0.626793384552002
3,jmstate,224,0.6295860111713409,1.0300761014223099,0.28090721368789673
3,jmstate,230,0.6295860111713409,0.7897820472717285,0.9121627807617188
3,jmstate,230,0.6295860111713409,0.8698800653219223,0.8523494601249695
3,jmstate,230,0.6295860111713409,1.0300761014223099,0.7232044339179993
3,jmstate,234,0.6295860111713409,0.7897820472717285,0.9716266393661499
3,jmstate,234,0.6295860111713409,0.8698800653219223,0.948675274848938
3,jmstate,234,0.6295860111713409,1.0300761014223099,0.8830547332763672
3,jmstate,235,0.6295860111713409,0.7897820472717285,0.5494093894958496
3,jmstate,235,0.6295860111713409,0.8698800653219223,0.3953402638435364
3,jmstate,235,0.6295860111713409,1.0300761014223099,0.21527552604675293
3,jmstate,248,0.6295860111713409,0.7897820472717285,0.9818353056907654
3,jmstate,248,0.6295860111713409,0.8698800653219223,0.9706060290336609
3,jmstate,248,0.6295860111713409,1.0300761014223099,0.9445422887802124
3,jmstate,256,0.6295860111713409,0.7897820472717285,0.9766300916671753
3,jmstate,256,0.6295860111713409,0.8698800653219223,0.957488477230072
3,jmstate,256,0.6295860111713409,1.0300761014223099,0.8984394669532776
3,jmstate,13,0.8879777491092682,0.9964954376220703,0.9813821911811829
3,jmstate,13,0.8879777491092682,1.0507542818784714,0.9692350625991821
3,jmstate,13,0.8879777491092682,1.1592719703912735,0.9397643208503723
3,jmstate,29,0.8879777491092682,0.9964954376220703,0.9769288301467896
3,jmstate,29,0.8879777491092682,1.0507542818784714,0.962578535079956
3,jmstate,29,0.8879777491092682,1.1592719703912735,0.9295042753219604
3,jmstate,36,0.8879777491092682,0.9964954376220703,0.9920727610588074
3,jmstate,36,0.8879777491092682,1.0507542818784714,0.9872685074806213
3,jmstate,36,0.8879777491092682,1.1592719703912735,0.9764348864555359
3,jmstate,42,0.8879777491092682,0.9964954376220703,0.9393126964569092
3,jmstate,42,0.8879777491092682,1.0507542818784714,0.8991347551345825
3,jmstate,42,0.8879777491092682,1.1592719703912735,0.802042543888092
3,jmstate,66,0.8879777491092682,0.9964954376220703,0.947422444820404
3,jmstate,66,0.8879777491092682,1.0507542818784714,0.9137007594108582
3,jmstate,66,0.8879777491092682,1.1592719703912735,0.8342928290367126
3,jmstate,84,0.8879777491092682,0.9964954376220703,0.9679163098335266
3,jmstate,84,0.8879777491092682,1.0507542818784714,0.9467226266860962
3,jmstate,84,0.8879777491092682,1.1592719703912735,0.8984318971633911
3,jmstate,96,0.8879777491092682,0.9964954376220703,0.9939135313034058
3,jmstate,96,0.8879777491092682,1.0507542818784714,0.9902409315109253
3,jmstate,96,0.8879777491092682,1.1592719703912735,0.9819977879524231
3,jmstate,116,0.8879777491092682,0.9964954376220703,0.984795331954956
3,jmstate,116,0.8879777491092682,1.0507542818784714,0.9762745499610901
3,jmstate,116,0.8879777491092682,1.1592719703912735,0.958561360836029
3,jmstate,132,0.8879777491092682,0.9964954376220703,0.988083004951477
3,jmstate,132,0.8879777491092682,1.0507542818784714,0.9806462526321411
3,jmstate,132,0.8879777491092682,1.1592719703912735,0.9633833765983582
3,jmstate,134,0.8879777491092682,0.9964954376220703,0.9897338151931763
3,jmstate,134,0.8879777491092682,1.0507542818784714,0.9831333160400391
3,jmstate,134,0.8879777491092682,1.1592719703912735,0.9673089981079102
3,jmstate,137,0.8879777491092682,0.9964954376220703,0.9875124096870422
3,jmstate,137,0.8879777491092682,1.0507542818784714,0.9803189635276794
3,jmstate,137,0.8879777491092682,1.1592719703912735,0.9649377465248108
3,jmstate,140,0.8879777491092682,0.9964954376220703,0.9926387071609497
3,jmstate,140,0.8879777491092682,1.0507542818784714,0.9881922602653503
3,jmstate,140,0.8879777491092682,1.1592719703912735,0.9781914949417114
3,jmstate,145,0.8879777491092682,0.9964954376220703,0.9792878031730652
3,jmstate,145,0.8879777491092682,1.0507542818784714,0.9654518961906433
3,jmstate,145,0.8879777491092682,1.1592719703912735,0.9324386119842529
3,jmstate,155,0.8879777491092682,0.9964954376220703,0.965437114238739
3,jmstate,155,0.8879777491092682,1.0507542818784714,0.9421756267547607
3,jmstate,155,0.8879777491092682,1.1592719703912735,0.8893964886665344
3,jmstate,160,0.8879777491092682,0.9964954376220703,0.9888859391212463
3,jmstate,160,0.8879777491092682,1.0507542818784714,0.9820035099983215
3,jmstate,160,0.8879777491092682,1.1592719703912735,0.9661275744438171
3,jmstate,178,0.8879777491092682,0.9964954376220703,0.9591816663742065
3,jmstate,178,0.8879777491092682,1.0507542818784714,0.9339544177055359
3,jmstate,178,0.8879777491092682,1.1592719703912735,0.877278208732605
4,jmstate,5,0.3708520382642746,0.5827948689460755,0.8453280329704285
4,jmstate,5,0.3708520382642746,0.6887662842869758,0.7223986387252808
4,jmstate,5,0.3708520382642746,0.9007091149687767,0.442642480134964
4,jmstate,9,0.3708520382642746,0.5827948689460755,0.46530452370643616
4,jmstate,9,0.3708520382642746,0.6887662842869758,0.249551460146904
4,jmstate,9,0.3708520382642746,0.9007091149687767,0.061763398349285126
4,jmstate,15,0.3708520382642746,0.5827948689460755,0.9592880606651306
4,jmstate,15,0.3708520382642746,0.6887662842869758,0.9298873543739319
4,jmstate,15,0.3708520382642746,0.9007091149687767,0.850952684879303
4,jmstate,24,0.3708520382642746,0.5827948689460755,0.8122135996818542
4,jmstate,24,0.3708520382642746,0.6887662842869758,0.6660789251327515
4,jmstate,24,0.3708520382642746,0.9007091149687767,0.3752999007701874
4,jmstate,33,0.3708520382642746,0.5827948689460755,0.9495610594749451
4,jmstate,33,0.3708520382642746,0.6887662842869758,0.9075340032577515
4,jmstate,33,0.3708520382642746,0.9007091149687767,0.7804002165794373
4,jmstate,40,0.3708520382642746,0.5827948689460755,0.8146956562995911
4,jmstate,40,0.3708520382642746,0.6887662842869758,0.6443464756011963
4,jmstate,40,0.3708520382642746,0.9007091149687767,0.2830592393875122
4,jmstate,45,0.3708520382642746,0.5827948689460755,0.9936347007751465
4,jmstate,45,0.3708520382642746,0.6887662842869758,0.989724338054657
4,jmstate,45,0.3708520382642746,0.9007091149687767,0.9803707599639893
4,jmstate,62,0.3708520382642746,0.5827948689460755,0.8768717646598816
4,jmstate,62,0.3708520382642746,0.6887662842869758,0.7941774725914001
4,jmstate,62,0.3708520382642746,0.9007091149687767,0.6069307327270508
4,jmstate,65,0.3708520382642746,0.5827948689460755,0.9678708910942078
4,jmstate,65,0.3708520382642746,0.6887662842869758,0.9423152208328247
4,jmstate,65,0.3708520382642746,0.9007091149687767,0.8651263117790222
4,jmstate,71,0.3708520382642746,0.5827948689460755,0.90809166431427
4,jmstate,71,0.3708520382642746,0.6887662842869758,0.8335772752761841
4,jmstate,71,0.3708520382642746,0.9007091149687767,0.6407520174980164
4,jmstate,82,0.3708520382642746,0.5827948689460755,0.984513521194458
4,jmstate,82,0.3708520382642746,0.6887662842869758,0.9777676463127136
4,jmstate,82,0.3708520382642746,0.9007091149687767,0.9658108353614807
4,jmstate,99,0.3708520382642746,0.5827948689460755,0.9562981724739075
4,jmstate,99,0.3708520382642746,0.6887662842869758,0.9234718084335327
4,jmstate,99,0.3708520382642746,0.9007091149687767,0.8319463729858398
4,jmstate,101,0.3708520382642746,0.5827948689460755,0.9908738732337952
4,jmstate,101,0.3708520382642746,0.6887662842869758,0.9856449961662292
4,jmstate,101,0.3708520382642746,0.9007091149687767,0.973967969417572
4,jmstate,104,0.3708520382642746,0.5827948689460755,0.9351259469985962
4,jmstate,104,0.3708520382642746,0.6887662842869758,0.870512843132019
4,jmstate,104,0.3708520382642746,0.9007091149687767,0.6625393629074097
4,jmstate,111,0.3708520382642746,0.5827948689460755,0.47777944803237915
4,jmstate,111,0.3708520382642746,0.6887662842869758,0.2529177963733673
4,jmstate,111,0.3708520382642746,0.9007091149687767,0.05270187184214592
4,jmstate,124,0.3708520382642746,0.5827948689460755,0.9169703722000122
4,jmstate,124,0.3708520382642746,0.6887662842869758,0.8424699306488037
4,jmstate,124,0.3708520382642746,0.9007091149687767,0.661107063293457
4,jmstate,129,0.3708520382642746,0.5827948689460755,0.9639860987663269
4,jmstate,129,0.3708520382642746,0.6887662842869758,0.9399972558021545
4,jmstate,129,0.3708520382642746,0.9007091149687767,0.8792205452919006
4,jmstate,136,0.3708520382642746,0.5827948689460755,0.9432503581047058
4,jmstate,136,0.3708520382642746,0.6887662842869758,0.9014073014259338
4,jmstate,136,0.3708520382642746,0.9007091149687767,0.7889909148216248
4,jmstate,139,0.3708520382642746,0.5827948689460755,0.9495689272880554
4,jmstate,139,0.3708520382642746,0.6887662842869758,0.9070016145706177
4,jmstate,139,0.3708520382642746,0.9007091149687767,0.7768871784210205
4,jmstate,142,0.3708520382642746,0.5827948689460755,0.7492063641548157
4,jmstate,142,0.3708520382642746,0.6887662842869758,0.5601986050605774
4,jmstate,142,0.3708520382642746,0.9007091149687767,0.23802627623081207
4,jmstate,151,0.3708520382642746,0.5827948689460755,0.9646749496459961
4,jmstate,151,0.3708520382642746,0.6887662842869758,0.9387839436531067
4,jmstate,151,0.3708520382642746,0.9007091149687767,0.8668737411499023
4,jmstate,157,0.3708520382642746,0.5827948689460755,0.9772341847419739
4,jmstate,157,0.3708520382642746,0.6887662842869758,0.9609516859054565
4,jmstate,157,0.3708520382642746,0.9007091149687767,0.9160619378089905
4,jmstate,163,0.3708520382642746,0.5827948689460755,0.9730871915817261
4,jmstate,163,0.3708520382642746,0.6887662842869758,0.9497278332710266
4,jmstate,163,0.3708520382642746,0.9007091149687767,0.8838741183280945
4,jmstate,172,0.3708520382642746,0.5827948689460755,0.9626966714859009
4,jmstate,172,0.3708520382642746,0.6887662842869758,0.9371857047080994
4,jmstate,172,0.3708520382642746,0.9007091149687767,0.8711008429527283
4,jmstate,200,0.3708520382642746,0.5827948689460755,0.9682071208953857
4,jmstate,200,0.3708520382642746,0.6887662842869758,0.948566198348999
4,jmstate,200,0.3708520382642746,0.9007091149687767,0.9020981192588806
4,jmstate,201,0.3708520382642746,0.5827948689460755,0.9872310161590576
4,jmstate,201,0.3708520382642746,0.6887662842869758,0.9772127866744995
4,jmstate,201,0.3708520382642746,0.9007091149687767,0.9459637403488159
4,jmstate,213,0.3708520382642746,0.5827948689460755,0.9782416820526123
4,jmstate,213,0.3708520382642746,0.6887662842869758,0.9587721228599548
4,jmstate,213,0.3708520382642746,0.9007091149687767,0.8954604268074036
4,jmstate,216,0.3708520382642746,0.5827948689460755,0.8522965908050537
4,jmstate,216,0.3708520382642746,0.6887662842869758,0.7132274508476257
4,jmstate,216,0.3708520382642746,0.9007091149687767,0.37092432379722595
4,jmstate,233,0.3708520382642746,0.5827948689460755,0.9544445872306824
4,jmstate,233,0.3708520382642746,0.6887662842869758,0.9139408469200134
4,jmstate,233,0.3708520382642746,0.9007091149687767,0.7959007620811462
4,jmstate,237,0.3708520382642746,0.5827948689460755,0.8000008463859558
4,jmstate,237,0.3708520382642746,0.6887662842869758,0.6781736016273499
4,jmstate,237,0.3708520382642746,0.9007091149687767,0.4829511046409607
4,jmstate,250,0.3708520382642746,0.5827948689460755,0.974507749080658
4,jmstate,250,0.3708520382642746,0.6887662842869758,0.9514663219451904
4,jmstate,250,0.3708520382642746,0.9007091149687767,0.874318540096283
4,jmstate,251,0.3708520382642746,0.5827948689460755,0.9618223905563354
4,jmstate,251,0.3708520382642746,0.6887662842869758,0.9307649731636047
4,jmstate,251,0.3708520382642746,0.9007091149687767,0.8408012390136719
4,jmstate,255,0.3708520382642746,0.5827948689460755,0.9966290593147278
4,jmstate,255,0.3708520382642746,0.6887662842869758,0.9945850968360901
4,jmstate,255,0.3708520382642746,0.9007091149687767,0.9897608757019043
4,jmstate,257,0.3708520382642746,0.5827948689460755,0.9837920069694519
4,jmstate,257,0.3708520382642746,0.6887662842869758,0.9716035723686218
4,jmstate,257,0.3708520382642746,0.9007091149687767,0.9375085830688477
4,jmstate,266,0.3708520382642746,0.5827948689460755,0.9698245525360107
4,jmstate,266,0.3708520382642746,0.6887662842869758,0.9458010792732239
4,jmstate,266,0.3708520382642746,0.9007091149687767,0.8752373456954956
4,jmstate,275,0.3708520382642746,0.5827948689460755,0.9480352401733398
4,jmstate,275,0.3708520382642746,0.6887662842869758,0.9114498496055603
4,jmstate,275,0.3708520382642746,0.9007091149687767,0.8155415654182434
4,jmstate,279,0.3708520382642746,0.5827948689460755,0.9764513969421387
4,jmstate,279,0.3708520382642746,0.6887662842869758,0.9588005542755127
4,jmstate,279,0.3708520382642746,0.9007091149687767,0.9077181816101074
4,jmstate,280,0.3708520382642746,0.5827948689460755,0.9805447459220886
4,jmstate,280,0.3708520382642746,0.6887662842869758,0.9689624309539795
4,jmstate,280,0.3708520382642746,0.9007091149687767,0.9423357248306274
4,jmstate,284,0.3708520382642746,0.5827948689460755,0.9576495885848999
4,jmstate,284,0.3708520382642746,0.6887662842869758,0.9266957640647888
4,jmstate,284,0.3708520382642746,0.9007091149687767,0.842326819896698
4,jmstate,286,0.3708520382642746,0.5827948689460755,0.8763675689697266
4,jmstate,286,0.3708520382642746,0.6887662842869758,0.7862488627433777
4,jmstate,286,0.3708520382642746,0.9007091149687767,0.5917644500732422
4,jmstate,287,0.3708520382642746,0.5827948689460755,0.655098557472229
4,jmstate,287,0.3708520382642746,0.6887662842869758,0.4987019896507263
4,jmstate,287,0.3708520382642746,0.9007091149687767,0.2875998914241791
4,jmstate,303,0.3708520382642746,0.5827948689460755,0.8539506196975708
4,jmstate,303,0.3708520382642746,0.6887662842869758,0.7520503997802734
4,jmstate,303,0.3708520382642746,0.9007091149687767,0.5481513738632202
4,jmstate,304,0.3708520382642746,0.5827948689460755,0.9855570793151855
4,jmstate,304,0.3708520382642746,0.6887662842869758,0.9717056751251221
4,jmstate,304,0.3708520382642746,0.9007091149687767,0.9236219525337219
4,jmstate,306,0.3708520382642746,0.5827948689460755,0.9648838639259338
4,jmstate,306,0.3708520382642746,0.6887662842869758,0.9360688328742981
4,jmstate,306,0.3708520382642746,0.9007091149687767,0.8601478934288025
4,jmstate,309,0.3708520382642746,0.5827948689460755,0.9821847081184387
4,jmstate,309,0.3708520382642746,0.6887662842869758,0.9695680141448975
4,jmstate,309,0.3708520382642746,0.9007091149687767,0.9346986413002014
4,jmstate,9,0.6295860111713409,0.7897820472717285,0.48188790678977966
4,jmstate,9,0.6295860111713409,0.8698800653219223,0.28084802627563477
4,jmstate,9,0.6295860111713409,1.0300761014223099,0.07103170454502106
4,jmstate,15,0.6295860111713409,0.7897820472717285,0.867202877998352
4,jmstate,15,0.6295860111713409,0.8698800653219223,0.7686784267425537
4,jmstate,15,0.6295860111713409,1.0300761014223099,0.5266212224960327
4,jmstate,24,0.6295860111713409,0.7897820472717285,0.882386326789856
4,jmstate,24,0.6295860111713409,0.8698800653219223,0.8041614294052124
4,jmstate,24,0.6295860111713409,1.0300761014223099,0.6226354241371155
4,jmstate,33,0.6295860111713409,0.7897820472717285,0.9618287682533264
4,jmstate,33,0.6295860111713409,0.8698800653219223,0.9347798228263855
4,jmstate,33,0.6295860111713409,1.0300761014223099,0.8640407919883728
4,jmstate,40,0.6295860111713409,0.7897820472717285,0.7216213941574097
4,jmstate,40,0.6295860111713409,0.8698800653219223,0.5341637134552002
4,jmstate,40,0.6295860111713409,1.0300761014223099,0.2057926505804062
4,jmstate,45,0.6295860111713409,0.7897820472717285,0.9946479797363281
4,jmstate,45,0.6295860111713409,0.8698800653219223,0.9913102388381958
4,jmstate,45,0.6295860111713409,1.0300761014223099,0.9834668636322021
4,jmstate,62,0.6295860111713409,0.7897820472717285,0.8501579165458679
4,jmstate,62,0.6295860111713409,0.8698800653219223,0.7546409368515015
4,jmstate,62,0.6295860111713409,1.0300761014223099,0.5476201176643372
4,jmstate,65,0.6295860111713409,0.7897820472717285,0.9737350344657898
4,jmstate,65,0.6295860111713409,0.8698800653219223,0.9549452066421509
4,jmstate,65,0.6295860111713409,1.0300761014223099,0.9052340984344482
4,jmstate,71,0.6295860111713409,0.7897820472717285,0.9635181427001953
4,jmstate,71,0.6295860111713409,0.8698800653219223,0.9407393336296082
4,jmstate,71,0.6295860111713409,1.0300761014223099,0.8878707885742188
4,jmstate,82,0.6295860111713409,0.7897820472717285,0.9842610955238342
4,jmstate,82,0.6295860111713409,0.8698800653219223,0.975864827632904
4,jmstate,82,0.6295860111713409,1.0300761014223099,0.9590123295783997
4,jmstate,99,0.6295860111713409,0.7897820472717285,0.9700648188591003
4,jmstate,99,0.6295860111713409,0.8698800653219223,0.9503609538078308
4,jmstate,99,0.6295860111713409,1.0300761014223099,0.9019654393196106
4,jmstate,101,0.6295860111713409,0.7897820472717285,0.9939210414886475
4,jmstate,101,0.6295860111713409,0.8698800653219223,0.9904423356056213
4,jmstate,101,0.6295860111713409,1.0300761014223099,0.9829519391059875
4,jmstate,104,0.6295860111713409,0.7897820472717285,0.71387779712677
4,jmstate,104,0.6295860111713409,0.8698800653219223,0.5085787177085876
4,jmstate,104,0.6295860111713409,1.0300761014223099,0.15788932144641876
4,jmstate,111,0.6295860111713409,0.7897820472717285,0.39576753973960876
4,jmstate,111,0.6295860111713409,0.8698800653219223,0.19574591517448425
4,jmstate,111,0.6295860111713409,1.0300761014223099,0.031089045107364655
4,jmstate,124,0.6295860111713409,0.7897820472717285,0.9054408073425293
4,jmstate,124,0.6295860111713409,0.8698800653219223,0.8403490781784058
4,jmstate,124,0.6295860111713409,1.0300761014223099,0.7014053463935852
4,jmstate,129,0.6295860111713409,0.7897820472717285,0.9577499032020569
4,jmstate,129,0.6295860111713409,0.8698800653219223,0.9301403760910034
4,jmstate,129,0.6295860111713409,1.0300761014223099,0.8633444905281067
4,jmstate,136,0.6295860111713409,0.7897820472717285,0.9509028196334839
4,jmstate,136,0.6295860111713409,0.8698800653219223,0.9183457493782043
4,jmstate,136,0.6295860111713409,1.0300761014223099,0.8389302492141724
4,jmstate,139,0.6295860111713409,0.7897820472717285,0.8718421459197998
4,jmstate,139,0.6295860111713409,0.8698800653219223,0.7755318284034729
4,jmstate,139,0.6295860111713409,1.0300761014223099,0.5394140481948853
4,jmstate,142,0.6295860111713409,0.7897820472717285,0.185805082321167
4,jmstate,142,0.6295860111713409,0.8698800653219223,0.040739644318819046
4,jmstate,142,0.6295860111713409,1.0300761014223099,0.0008672341355122626
4,jmstate,151,0.6295860111713409,0.7897820472717285,0.9045642614364624
4,jmstate,151,0.6295860111713409,0.8698800653219223,0.8332752585411072
4,jmstate,151,0.6295860111713409,1.0300761014223099,0.6467669606208801
4,jmstate,157,0.6295860111713409,0.7897820472717285,0.9901919960975647
4,jmstate,157,0.6295860111713409,0.8698800653219223,0.9843834638595581
4,jmstate,157,0.6295860111713409,1.0300761014223099,0.9714493155479431
4,jmstate,172,0.6295860111713409,0.7897820472717285,0.9746014475822449
4,jmstate,172,0.6295860111713409,0.8698800653219223,0.9589654803276062
4,jmstate,172,0.6295860111713409,1.0300761014223099,0.923008143901825
4,jmstate,200,0.6295860111713409,0.7897820472717285,0.9871208667755127
4,jmstate,200,0.6295860111713409,0.8698800653219223,0.9799619913101196
4,jmstate,200,0.6295860111713409,1.0300761014223099,0.9649837017059326
4,jmstate,201,0.6295860111713409,0.7897820472717285,0.9876739382743835
4,jmstate,201,0.6295860111713409,0.8698800653219223,0.9791396856307983
4,jmstate,201,0.6295860111713409,1.0300761014223099,0.9568055272102356
4,jmstate,216,0.6295860111713409,0.7897820472717285,0.4099069833755493
4,jmstate,216,0.6295860111713409,0.8698800653219223,0.18263943493366241
4,jmstate,216,0.6295860111713409,1.0300761014223099,0.022747555747628212
4,jmstate,233,0.6295860111713409,0.7897820472717285,0.937669575214386
4,jmstate,233,0.6295860111713409,0.8698800653219223,0.8949902057647705
4,jmstate,233,0.6295860111713409,1.0300761014223099,0.8048964738845825
4,jmstate,250,0.6295860111713409,0.7897820472717285,0.9664610624313354
4,jmstate,250,0.6295860111713409,0.8698800653219223,0.940583348274231
4,jmstate,250,0.6295860111713409,1.0300761014223099,0.8756275773048401
4,jmstate,251,0.6295860111713409,0.7897820472717285,0.9438872933387756
4,jmstate,251,0.6295860111713409,0.8698800653219223,0.9064555764198303
4,jmstate,251,0.6295860111713409,1.0300761014223099,0.8241932392120361
4,jmstate,255,0.6295860111713409,0.7897820472717285,0.9980055093765259
4,jmstate,255,0.6295860111713409,0.8698800653219223,0.9968652725219727
4,jmstate,255,0.6295860111713409,1.0300761014223099,0.9944164752960205
4,jmstate,15,0.8879777491092682,0.9964954376220703,0.771869957447052
4,jmstate,15,0.8879777491092682,1.0507542818784714,0.6343386769294739
4,jmstate,15,0.8879777491092682,1.1592719703912735,0.3673195242881775
4,jmstate,24,0.8879777491092682,0.9964954376220703,0.9058650135993958
4,jmstate,24,0.8879777491092682,1.0507542818784714,0.8477301001548767
4,jmstate,24,0.8879777491092682,1.1592719703912735,0.7185890078544617
4,jmstate,40,0.8879777491092682,0.9964954376220703,0.7049755454063416
4,jmstate,40,0.8879777491092682,1.0507542818784714,0.5398558378219604
4,jmstate,40,0.8879777491092682,1.1592719703912735,0.2573918402194977
4,jmstate,45,0.8879777491092682,0.9964954376220703,0.9959602355957031
4,jmstate,45,0.8879777491092682,1.0507542818784714,0.9934844970703125
4,jmstate,45,0.8879777491092682,1.1592719703912735,0.9878435134887695
4,jmstate,65,0.8879777491092682,0.9964954376220703,0.9776382446289062
4,jmstate,65,0.8879777491092682,1.0507542818784714,0.9630729556083679
4,jmstate,65,0.8879777491092682,1.1592719703912735,0.9280716776847839
4,jmstate,71,0.8879777491092682,0.9964954376220703,0.9773712158203125
4,jmstate,71,0.8879777491092682,1.0507542818784714,0.963742196559906
4,jmstate,71,0.8879777491092682,1.1592719703912735,0.9333802461624146
4,jmstate,82,0.8879777491092682,0.9964954376220703,0.9891177415847778
4,jmstate,82,0.8879777491092682,1.0507542818784714,0.983021080493927
4,jmstate,82,0.8879777491092682,1.1592719703912735,0.9703707695007324
4,jmstate,99,0.8879777491092682,0.9964954376220703,0.9799426198005676
4,jmstate,99,0.8879777491092682,1.0507542818784714,0.9676151275634766
4,jmstate,99,0.8879777491092682,1.1592719703912735,0.939551591873169
4,jmstate,101,0.8879777491092682,0.9964954376220703,0.9963718056678772
4,jmstate,101,0.8879777491092682,1.0507542818784714,0.9942944049835205
4,jmstate,101,0.8879777491092682,1.1592719703912735,0.9898794889450073
4,jmstate,124,0.8879777491092682,0.9964954376220703,0.9020001292228699
4,jmstate,124,0.8879777491092682,1.0507542818784714,0.8479470610618591
4,jmstate,124,0.8879777491092682,1.1592719703912735,0.7449339628219604
4,jmstate,129,0.8879777491092682,0.9964954376220703,0.9760674238204956
4,jmstate,129,0.8879777491092682,1.0507542818784714,0.9615657329559326
4,jmstate,129,0.8879777491092682,1.1592719703912735,0.9290639758110046
4,jmstate,136,0.8879777491092682,0.9964954376220703,0.974592387676239
4,jmstate,136,0.8879777491092682,1.0507542818784714,0.9592599272727966
4,jmstate,136,0.8879777491092682,1.1592719703912735,0.925064206123352
4,jmstate,151,0.8879777491092682,0.9964954376220703,0.9033604264259338
4,jmstate,151,0.8879777491092682,1.0507542818784714,0.840566873550415
4,jmstate,151,0.8879777491092682,1.1592719703912735,0.6951525807380676
4,jmstate,157,0.8879777491092682,0.9964954376220703,0.9938933849334717
4,jmstate,157,0.8879777491092682,1.0507542818784714,0.9903281927108765
4,jmstate,157,0.8879777491092682,1.1592719703912735,0.9826034307479858
5,jmstate,2,0.3708520382642746,0.5827948689460755,0.9017609357833862
5,jmstate,2,0.3708520382642746,0.6887662842869758,0.8119902014732361
5,jmstate,2,0.3708520382642746,0.9007091149687767,0.5920588374137878
5,jmstate,21,0.3708520382642746,0.5827948689460755,0.8449404239654541
5,jmstate,21,0.3708520382642746,0.6887662842869758,0.6927503943443298
5,jmstate,21,0.3708520382642746,0.9007091149687767,0.354013592004776
5,jmstate,35,0.3708520382642746,0.5827948689460755,0.7909737229347229
5,jmstate,35,0.3708520382642746,0.6887662842869758,0.6131519079208374
5,jmstate,35,0.3708520382642746,0.9007091149687767,0.30115577578544617
5,jmstate,44,0.3708520382642746,0.5827948689460755,0.9702843427658081
5,jmstate,44,0.3708520382642746,0.6887662842869758,0.9477623701095581
5,jmstate,44,0.3708520382642746,0.9007091149687767,0.8866063356399536
5,jmstate,48,0.3708520382642746,0.5827948689460755,0.950510561466217
5,jmstate,48,0.3708520382642746,0.6887662842869758,0.9062156677246094
5,jmstate,48,0.3708520382642746,0.9007091149687767,0.7721459865570068
5,jmstate,50,0.3708520382642746,0.5827948689460755,0.892380952835083
5,jmstate,50,0.3708520382642746,0.6887662842869758,0.7923660278320312
5,jmstate,50,0.3708520382642746,0.9007091149687767,0.5250722765922546
5,jmstate,51,0.3708520382642746,0.5827948689460755,0.6470299959182739
5,jmstate,51,0.3708520382642746,0.6887662842869758,0.3645542860031128
5,jmstate,51,0.3708520382642746,0.9007091149687767,0.07115356624126434
5,jmstate,54,0.3708520382642746,0.5827948689460755,0.6489246487617493
5,jmstate,54,0.3708520382642746,0.6887662842869758,0.34614554047584534
5,jmstate,54,0.3708520382642746,0.9007091149687767,0.03672240301966667
5,jmstate,55,0.3708520382642746,0.5827948689460755,0.04806169494986534
5,jmstate,55,0.3708520382642746,0.6887662842869758,0.003183435183018446
5,jmstate,55,0.3708520382642746,0.9007091149687767,5.05142907059053e-07
5,jmstate,59,0.3708520382642746,0.5827948689460755,0.9016540050506592
5,jmstate,59,0.3708520382642746,0.6887662842869758,0.7852076292037964
5,jmstate,59,0.3708520382642746,0.9007091149687767,0.4534873962402344
5,jmstate,72,0.3708520382642746,0.5827948689460755,0.9955638647079468
5,jmstate,72,0.3708520382642746,0.6887662842869758,0.9914071559906006
5,jmstate,72,0.3708520382642746,0.9007091149687767,0.9762890338897705
5,jmstate,81,0.3708520382642746,0.5827948689460755,0.6812323331832886
5,jmstate,81,0.3708520382642746,0.6887662842869758,0.4831199049949646
5,jmstate,81,0.3708520382642746,0.9007091149687767,0.20709994435310364
5,jmstate,88,0.3708520382642746,0.5827948689460755,0.9940837621688843
5,jmstate,88,0.3708520382642746,0.6887662842869758,0.9881428480148315
5,jmstate,88,0.3708520382642746,0.9007091149687767,0.9648765325546265
5,jmstate,89,0.3708520382642746,0.5827948689460755,0.9328303337097168
5,jmstate,89,0.3708520382642746,0.6887662842869758,0.876176118850708
5,jmstate,89,0.3708520382642746,0.9007091149687767,0.7272965908050537
5,jmstate,106,0.3708520382642746,0.5827948689460755,0.8396387100219727
5,jmstate,106,0.3708520382642746,0.6887662842869758,0.7350079417228699
5,jmstate,106,0.3708520382642746,0.9007091149687767,0.5269426107406616
5,jmstate,107,0.3708520382642746,0.5827948689460755,0.9773589968681335
5,jmstate,107,0.3708520382642746,0.6887662842869758,0.9588860869407654
5,jmstate,107,0.3708520382642746,0.9007091149687767,0.9041320085525513
5,jmstate,122,0.3708520382642746,0.5827948689460755,0.9876391887664795
5,jmstate,122,0.3708520382642746,0.6887662842869758,0.9775075316429138
5,jmstate,122,0.3708520382642746,0.9007091149687767,0.9463987350463867
5,jmstate,135,0.3708520382642746,0.5827948689460755,0.9956743121147156
5,jmstate,135,0.3708520382642746,0.6887662842869758,0.9920259118080139
5,jmstate,135,0.3708520382642746,0.9007091149687767,0.9803500175476074
5,jmstate,150,0.3708520382642746,0.5827948689460755,0.9944559931755066
5,jmstate,150,0.3708520382642746,0.6887662842869758,0.9899676442146301
5,jmstate,150,0.3708520382642746,0.9007091149687767,0.9763272404670715
5,jmstate,161,0.3708520382642746,0.5827948689460755,0.832546055316925
5,jmstate,161,0.3708520382642746,0.6887662842869758,0.6827573180198669
5,jmstate,161,0.3708520382642746,0.9007091149687767,0.35519397258758545
5,jmstate,167,0.3708520382642746,0.5827948689460755,0.9366458058357239
5,jmstate,167,0.3708520382642746,0.6887662842869758,0.8851732611656189
5,jmstate,167,0.3708520382642746,0.9007091149687767,0.7438017129898071
5,jmstate,170,0.3708520382642746,0.5827948689460755,0.9286537766456604
5,jmstate,170,0.3708520382642746,0.6887662842869758,0.8614672422409058
5,jmstate,170,0.3708520382642746,0.9007091149687767,0.6780251860618591
5,jmstate,175,0.3708520382642746,0.5827948689460755,0.9767699837684631
5,jmstate,175,0.3708520382642746,0.6887662842869758,0.9557786583900452
5,jmstate,175,0.3708520382642746,0.9007091149687767,0.886961042881012
5,jmstate,188,0.3708520382642746,0.5827948689460755,0.9644842147827148
5,jmstate,188,0.3708520382642746,0.6887662842869758,0.9348450899124146
5,jmstate,188,0.3708520382642746,0.9007091149687767,0.851612389087677
5,jmstate,189,0.3708520382642746,0.5827948689460755,0.9888001084327698
5,jmstate,189,0.3708520382642746,0.6887662842869758,0.9809947609901428
5,jmstate,189,0.3708520382642746,0.9007091149687767,0.9611323475837708
5,jmstate,190,0.3708520382642746,0.5827948689460755,0.8840734958648682
5,jmstate,190,0.3708520382642746,0.6887662842869758,0.7942511439323425
5,jmstate,190,0.3708520382642746,0.9007091149687767,0.5829014182090759
5,jmstate,192,0.3708520382642746,0.5827948689460755,0.9903137683868408
5,jmstate,192,0.3708520382642746,0.6887662842869758,0.9832524657249451
5,jmstate,192,0.3708520382642746,0.9007091149687767,0.963918149471283
5,jmstate,202,0.3708520382642746,0.5827948689460755,0.9722338914871216
5,jmstate,202,0.3708520382642746,0.6887662842869758,0.9492136836051941
5,jmstate,202,0.3708520382642746,0.9007091149687767,0.8821896314620972
5,jmstate,206,0.3708520382642746,0.5827948689460755,0.9792234301567078
5,jmstate,206,0.3708520382642746,0.6887662842869758,0.9637393951416016
5,jmstate,206,0.3708520382642746,0.9007091149687767,0.9219247102737427
5,jmstate,218,0.3708520382642746,0.5827948689460755,0.998711347579956
5,jmstate,218,0.3708520382642746,0.6887662842869758,0.9978662133216858
5,jmstate,218,0.3708520382642746,0.9007091149687767,0.9958202838897705
5,jmstate,228,0.3708520382642746,0.5827948689460755,0.9953019022941589
5,jmstate,228,0.3708520382642746,0.6887662842869758,0.9900078177452087
5,jmstate,228,0.3708520382642746,0.9007091149687767,0.9666926860809326
5,jmstate,236,0.3708520382642746,0.5827948689460755,0.9862849712371826
5,jmstate,236,0.3708520382642746,0.6887662842869758,0.9728174209594727
5,jmstate,236,0.3708520382642746,0.9007091149687767,0.9270849227905273
5,jmstate,242,0.3708520382642746,0.5827948689460755,0.08856773376464844
5,jmstate,242,0.3708520382642746,0.6887662842869758,0.02078002132475376
5,jmstate,242,0.3708520382642746,0.9007091149687767,0.004159910138696432
5,jmstate,244,0.3708520382642746,0.5827948689460755,0.6695224642753601
5,jmstate,244,0.3708520382642746,0.6887662842869758,0.45181602239608765
5,jmstate,244,0.3708520382642746,0.9007091149687767,0.1536022126674652
5,jmstate,253,0.3708520382642746,0.5827948689460755,0.06432611495256424
5,jmstate,253,0.3708520382642746,0.6887662842869758,0.013892600312829018
5,jmstate,253,0.3708520382642746,0.9007091149687767,0.0010864593787118793
5,jmstate,258,0.3708520382642746,0.5827948689460755,0.9601259231567383
5,jmstate,258,0.3708520382642746,0.6887662842869758,0.9259078502655029
5,jmstate,258,0.3708520382642746,0.9007091149687767,0.824040412902832
5,jmstate,260,0.3708520382642746,0.5827948689460755,0.2595676779747009
5,jmstate,260,0.3708520382642746,0.6887662842869758,0.14021366834640503
5,jmstate,260,0.3708520382642746,0.9007091149687767,0.05626590922474861
5,jmstate,264,0.3708520382642746,0.5827948689460755,0.46198713779449463
5,jmstate,264,0.3708520382642746,0.6887662842869758,0.24027413129806519
5,jmstate,264,0.3708520382642746,0.9007091149687767,0.06073751673102379
5,jmstate,271,0.3708520382642746,0.5827948689460755,0.9644879698753357
5,jmstate,271,0.3708520382642746,0.6887662842869758,0.9327806830406189
5,jmstate,271,0.3708520382642746,0.9007091149687767,0.8353524804115295
5,jmstate,274,0.3708520382642746,0.5827948689460755,0.6853317618370056
5,jmstate,274,0.3708520382642746,0.6887662842869758,0.4697767198085785
5,jmstate,274,0.3708520382642746,0.9007091149687767,0.1779298335313797
5,jmstate,276,0.3708520382642746,0.5827948689460755,0.9635195732116699
5,jmstate,276,0.3708520382642746,0.6887662842869758,0.929000735282898
5,jmstate,276,0.3708520382642746,0.9007091149687767,0.828536868095398
5,jmstate,277,0.3708520382642746,0.5827948689460755,0.9787870645523071
5,jmstate,277,0.3708520382642746,0.6887662842869758,0.9565879106521606
5,jmstate,277,0.3708520382642746,0.9007091149687767,0.8710679411888123
5,jmstate,285,0.3708520382642746,0.5827948689460755,0.975128173828125
5,jmstate,285,0.3708520382642746,0.6887662842869758,0.9519901275634766
5,jmstate,285,0.3708520382642746,0.9007091149687767,0.8771823644638062
5,jmstate,294,0.3708520382642746,0.5827948689460755,0.26170027256011963
5,jmstate,294,0.3708520382642746,0.6887662842869758,0.1192123219370842
5,jmstate,294,0.3708520382642746,0.9007091149687767,0.03862616792321205
5,jmstate,307,0.3708520382642746,0.5827948689460755,0.9651989340782166
5,jmstate,307,0.3708520382642746,0.6887662842869758,0.9160174131393433
5,jmstate,307,0.3708520382642746,0.9007091149687767,0.6986462473869324
5,jmstate,311,0.3708520382642746,0.5827948689460755,0.9948715567588806
5,jmstate,311,0.3708520382642746,0.6887662842869758,0.9918114542961121
5,jmstate,311,0.3708520382642746,0.9007091149687767,0.9850303530693054
5,jmstate,312,0.3708520382642746,0.5827948689460755,0.5775309205055237
5,jmstate,312,0.3708520382642746,0.6887662842869758,0.3343392014503479
5,jmstate,312,0.3708520382642746,0.9007091149687767,0.07878970354795456
5,jmstate,2,0.6295860111713409,0.7897820472717285,0.857819139957428
5,jmstate,2,0.6295860111713409,0.8698800653219223,0.7456436157226562
5,jmstate,2,0.6295860111713409,1.0300761014223099,0.4758608639240265
5,jmstate,21,0.6295860111713409,0.7897820472717285,0.7529900074005127
5,jmstate,21,0.6295860111713409,0.8698800653219223,0.5740251541137695
5,jmstate,21,0.6295860111713409,1.0300761014223099,0.24148105084896088
5,jmstate,35,0.6295860111713409,0.7897820472717285,0.7189756035804749
5,jmstate,35,0.6295860111713409,0.8698800653219223,0.5593737959861755
5,jmstate,35,0.6295860111713409,1.0300761014223099,0.3063042461872101
5,jmstate,44,0.6295860111713409,0.7897820472717285,0.9796301126480103
5,jmstate,44,0.6295860111713409,0.8698800653219223,0.9653303027153015
5,jmstate,44,0.6295860111713409,1.0300761014223099,0.9299909472465515
5,jmstate,48,0.6295860111713409,0.7897820472717285,0.9830276370048523
5,jmstate,48,0.6295860111713409,0.8698800653219223,0.9714653491973877
5,jmstate,48,0.6295860111713409,1.0300761014223099,0.9437260031700134
5,jmstate,50,0.6295860111713409,0.7897820472717285,0.8533890247344971
5,jmstate,50,0.6295860111713409,0.8698800653219223,0.7408698201179504
5,jmstate,50,0.6295860111713409,1.0300761014223099,0.47974660992622375
5,jmstate,51,0.6295860111713409,0.7897820472717285,0.20304054021835327
5,jmstate,51,0.6295860111713409,0.8698800653219223,0.06242728978395462
5,jmstate,51,0.6295860111713409,1.0300761014223099,0.007374693639576435
5,jmstate,72,0.6295860111713409,0.7897820472717285,0.9965502619743347
5,jmstate,72,0.6295860111713409,0.8698800653219223,0.9937467575073242
5,jmstate,72,0.6295860111713409,1.0300761014223099,0.9854771494865417
5,jmstate,81,0.6295860111713409,0.7897820472717285,0.48150914907455444
5,jmstate,81,0.6295860111713409,0.8698800653219223,0.2550278604030609
5,jmstate,81,0.6295860111713409,1.0300761014223099,0.04742232337594032
5,jmstate,88,0.6295860111713409,0.7897820472717285,0.991209089756012
5,jmstate,88,0.6295860111713409,0.8698800653219223,0.9829145669937134
5,jmstate,88,0.6295860111713409,1.0300761014223099,0.9543202519416809
5,jmstate,106,0.6295860111713409,0.7897820472717285,0.8839241862297058
5,jmstate,106,0.6295860111713409,0.8698800653219223,0.8116069436073303
5,jmstate,106,0.6295860111713409,1.0300761014223099,0.6681183576583862
5,jmstate,107,0.6295860111713409,0.7897820472717285,0.9851194024085999
5,jmstate,107,0.6295860111713409,0.8698800653219223,0.9744217395782471
5,jmstate,107,0.6295860111713409,1.0300761014223099,0.9471800923347473
5,jmstate,122,0.6295860111713409,0.7897820472717285,0.992716372013092
5,jmstate,122,0.6295860111713409,0.8698800653219223,0.9876388907432556
5,jmstate,122,0.6295860111713409,1.0300761014223099,0.9750721454620361
5,jmstate,135,0.6295860111713409,0.7897820472717285,0.998302161693573
5,jmstate,135,0.6295860111713409,0.8698800653219223,0.9971957206726074
5,jmstate,135,0.6295860111713409,1.0300761014223099,0.9946511387825012
5,jmstate,150,0.6295860111713409,0.7897820472717285,0.9954755902290344
5,jmstate,150,0.6295860111713409,0.8698800653219223,0.99217689037323
5,jmstate,150,0.6295860111713409,1.0300761014223099,0.9836132526397705
5,jmstate,161,0.6295860111713409,0.7897820472717285,0.9423636198043823
5,jmstate,161,0.6295860111713409,0.8698800653219223,0.8999700546264648
5,jmstate,161,0.6295860111713409,1.0300761014223099,0.7931720614433289
5,jmstate,170,0.6295860111713409,0.7897820472717285,0.9123484492301941
5,jmstate,170,0.6295860111713409,0.8698800653219223,0.8486576676368713
5,jmstate,170,0.6295860111713409,1.0300761014223099,0.7075726985931396
5,jmstate,175,0.6295860111713409,0.7897820472717285,0.9889143109321594
5,jmstate,175,0.6295860111713409,0.8698800653219223,0.9811824560165405
5,jmstate,175,0.6295860111713409,1.0300761014223099,0.9621073603630066
5,jmstate,188,0.6295860111713409,0.7897820472717285,0.9831222295761108
5,jmstate,188,0.6295860111713409,0.8698800653219223,0.9719027280807495
5,jmstate,188,0.6295860111713409,1.0300761014223099,0.9456057548522949
5,jmstate,189,0.6295860111713409,0.7897820472717285,0.990462601184845
5,jmstate,189,0.6295860111713409,0.8698800653219223,0.98361736536026
5,jmstate,189,0.6295860111713409,1.0300761014223099,0.9661177396774292
5,jmstate,190,0.6295860111713409,0.7897820472717285,0.863544225692749
5,jmstate,190,0.6295860111713409,0.8698800653219223,0.7797515988349915
5,jmstate,190,0.6295860111713409,1.0300761014223099,0.6126519441604614
5,jmstate,192,0.6295860111713409,0.7897820472717285,0.9885214567184448
5,jmstate,192,0.6295860111713409,0.8698800653219223,0.9799984693527222
5,jmstate,192,0.6295860111713409,1.0300761014223099,0.9574902057647705
5,jmstate,202,0.6295860111713409,0.7897820472717285,0.9338429570198059
5,jmstate,202,0.6295860111713409,0.8698800653219223,0.8820182681083679
5,jmstate,202,0.6295860111713409,1.0300761014223099,0.7633453011512756
5,jmstate,206,0.6295860111713409,0.7897820472717285,0.9870274066925049
5,jmstate,206,0.6295860111713409,0.8698800653219223,0.9782209396362305
5,jmstate,206,0.6295860111713409,1.0300761014223099,0.9571261405944824
5,jmstate,218,0.6295860111713409,0.7897820472717285,0.9989660382270813
5,jmstate,218,0.6295860111713409,0.8698800653219223,0.9982833862304688
5,jmstate,218,0.6295860111713409,1.0300761014223099,0.9966859817504883
5,jmstate,228,0.6295860111713409,0.7897820472717285,0.9936262965202332
5,jmstate,228,0.6295860111713409,0.8698800653219223,0.9874512553215027
5,jmstate,228,0.6295860111713409,1.0300761014223099,0.9653765559196472
5,jmstate,236,0.6295860111713409,0.7897820472717285,0.9836650490760803
5,jmstate,236,0.6295860111713409,0.8698800653219223,0.969296932220459
5,jmstate,236,0.6295860111713409,1.0300761014223099,0.9270530343055725
5,jmstate,253,0.6295860111713409,0.7897820472717285,0.11078129708766937
5,jmstate,253,0.6295860111713409,0.8698800653219223,0.029986878857016563
5,jmstate,253,0.6295860111713409,1.0300761014223099,0.002707022475078702
5,jmstate,258,0.6295860111713409,0.7897820472717285,0.9507033824920654
5,jmstate,258,0.6295860111713409,0.8698800653219223,0.9111552238464355
5,jmstate,258,0.6295860111713409,1.0300761014223099,0.8016437888145447
5,jmstate,2,0.8879777491092682,0.9964954376220703,0.871914803981781
5,jmstate,2,0.8879777491092682,1.0507542818784714,0.7818874716758728
5,jmstate,2,0.8879777491092682,1.1592719703912735,0.5766007304191589
5,jmstate,21,0.8879777491092682,0.9964954376220703,0.7490800023078918
5,jmstate,21,0.8879777491092682,1.0507542818784714,0.5913920998573303
5,jmstate,21,0.8879777491092682,1.1592719703912735,0.30600666999816895
5,jmstate,44,0.8879777491092682,0.9964954376220703,0.9689727425575256
5,jmstate,44,0.8879777491092682,1.0507542818784714,0.9466343522071838
5,jmstate,44,0.8879777491092682,1.1592719703912735,0.8908381462097168
5,jmstate,48,0.8879777491092682,0.9964954376220703,0.9878186583518982
5,jmstate,48,0.8879777491092682,1.0507542818784714,0.9794628024101257
5,jmstate,48,0.8879777491092682,1.1592719703912735,0.9594561457633972
5,jmstate,51,0.8879777491092682,0.9964954376220703,0.16939690709114075
5,jmstate,51,0.8879777491092682,1.0507542818784714,0.044226765632629395
5,jmstate,51,0.8879777491092682,1.1592719703912735,0.0019512682920321822
5,jmstate,72,0.8879777491092682,0.9964954376220703,0.9970036149024963
5,jmstate,72,0.8879777491092682,1.0507542818784714,0.9947150349617004
5,jmstate,72,0.8879777491092682,1.1592719703912735,0.9885116219520569
5,jmstate,107,0.8879777491092682,0.9964954376220703,0.9897878766059875
5,jmstate,107,0.8879777491092682,1.0507542818784714,0.9828242063522339
5,jmstate,107,0.8879777491092682,1.1592719703912735,0.9662495255470276
5,jmstate,122,0.8879777491092682,0.9964954376220703,0.9945281147956848
5,jmstate,122,0.8879777491092682,1.0507542818784714,0.9907557964324951
5,jmstate,122,0.8879777491092682,1.1592719703912735,0.9816587567329407
5,jmstate,135,0.8879777491092682,0.9964954376220703,0.9987619519233704
5,jmstate,135,0.8879777491092682,1.0507542818784714,0.997938871383667
5,jmstate,135,0.8879777491092682,1.1592719703912735,0.9960271120071411
5,jmstate,150,0.8879777491092682,0.9964954376220703,0.9970818161964417
5,jmstate,150,0.8879777491092682,1.0507542818784714,0.9950568675994873
5,jmstate,150,0.8879777491092682,1.1592719703912735,0.9901265501976013
5,jmstate,161,0.8879777491092682,0.9964954376220703,0.9790971279144287
5,jmstate,161,0.8879777491092682,1.0507542818784714,0.9654225707054138
5,jmstate,161,0.8879777491092682,1.1592719703912735,0.9343888759613037
5,jmstate,170,0.8879777491092682,0.9964954376220703,0.9282699227333069
5,jmstate,170,0.8879777491092682,1.0507542818784714,0.8799052238464355
5,jmstate,170,0.8879777491092682,1.1592719703912735,0.7797008156776428
5,jmstate,175,0.8879777491092682,0.9964954376220703,0.9922702312469482
5,jmstate,175,0.8879777491092682,1.0507542818784714,0.9870370030403137
5,jmstate,175,0.8879777491092682,1.1592719703912735,0.9746671319007874
